Marca temporal,Tipo de registro,Procedimiento o proceso en el que se le atendi√≥,Servicios referidos (Detalle),"Detalles de la queja, sugerencia o felicitaci√≥n",Departamento que lo atendi√≥,Instancia,detalles_limpios,tokenizacion,lematizacion,stemming
10/23/2023 9:06:40,Felicitaci√≥n,Pr√©stamo de Equipo Inform√°tico,Pr√©stamo de equipo,Funcionan bien las computadoras solo falta que la red este un poco mejor.,,,funcionan computadoras falta red,"['funcionan', 'computadoras', 'falta', 'red']",funcionar computadora falta red,funcion comput falt red
11/30/2023 12:49:38,Felicitaci√≥n,Pr√©stamo de Equipo Inform√°tico,Buen computo,Felicidades ,,,felicidades,['felicidades'],felicidad,felic
12/19/2023 10:46:15,Queja,Auditor√≠a Interna,Pretamos de computadoras,Las computadoras est√°n muy lentas y ni siquiera est√°n conectadas a un Internet estable.,,,computadoras lentas siquiera conectadas internet estable,"['computadoras', 'lentas', 'siquiera', 'conectadas', 'internet', 'estable']",computadora lenta siquiera conectadas internet estable,comput lent siqu conect internet establ
1/16/2024 12:17:52,Sugerencia,Reinscripci√≥n,.,.,,,,[],,
1/16/2024 12:49:40,Felicitaci√≥n,Pr√©stamo de Equipo Inform√°tico,Pr√©stamo de equipo ,El laboratorio esta en excelentes condiciones ,,,laboratorio excelentes condiciones,"['laboratorio', 'excelentes', 'condiciones']",laboratorio excelente condici√≥n,laboratori excelent condicion
1/16/2024 12:59:14,Sugerencia,Pr√©stamo de Equipo Inform√°tico,Computadora ,Que no sean tan ap√°ticos ,,,apaticos,['apaticos'],apatico,apat
1/16/2024 13:28:34,Felicitaci√≥n,Gesti√≥n del Dise√±o Curricular de Programas Acad√©micos,Pr√©stamo de equipo ,Buen servicio üêï‚Äçü¶∫,,,servicio üêï‚Äçü¶∫,"['servicio', 'üêï\u200dü¶∫']",servicio üêï \u200dü¶∫,servici üêïu200dü¶∫
1/16/2024 13:29:57,Felicitaci√≥n,Servicio Social,Pr√©stamo de equipo ,Ta bien ,,,ta,['ta'],ta,ta
1/16/2024 13:58:47,Felicitaci√≥n,Pr√©stamo de Equipo Inform√°tico,Pr√©stamo de equipo computacional ,Buen servicio,,,servicio,['servicio'],servicio,servici
1/16/2024 13:59:09,Felicitaci√≥n,Tutor√≠as,Tareas,Todo exelente ,,,exelente,['exelente'],exelente,exelent
1/16/2024 14:02:05,Sugerencia,Pr√©stamo de Equipo Inform√°tico,Laboratorio uso libre,Las computadoras van lentas,,,computadoras lentas,"['computadoras', 'lentas']",computadora lenta,comput lent
1/16/2024 14:25:32,Felicitaci√≥n,Servicio Social,Ok,Felicidades ,,,felicidades,['felicidades'],felicidad,felic
1/16/2024 14:30:18,Sugerencia,Pr√©stamo de Equipo Inform√°tico,Pr√©stamo de equipo , Que casi ning√∫n equipo se puede prender ,,,ningun equipo prender,"['ningun', 'equipo', 'prender']",ningun equipo prender,ningun equip prend
1/16/2024 14:32:02,Sugerencia,Pr√©stamo de Equipo Inform√°tico,Pr√©stamo del aula 1103,Tener m√°s contactos de luz para poder conectar en caso de traer lap,,,mas contactos luz conectar caso traer lap,"['mas', 'contactos', 'luz', 'conectar', 'caso', 'traer', 'lap']",contacto luz conectar caso traer lap,mas contact luz conect cas tra lap
1/16/2024 14:32:02,Felicitaci√≥n,Pr√©stamo de Equipo Inform√°tico,Uso de pc,Se agradece el uso de azure,,,agradece azure,"['agradece', 'azure']",agradecer azure,agradec azur
1/16/2024 14:51:44,Sugerencia,Pr√©stamo de Equipo Inform√°tico,Equipo de c√≥mputo ,Agregar lector de disco ,,,agregar lector disco,"['agregar', 'lector', 'disco']",agregar lector disco,agreg lector disc
1/16/2024 18:14:35,Felicitaci√≥n,Pr√©stamo de Equipo Inform√°tico,Prestamo,No,,,,[],,
1/16/2024 18:15:26,Felicitaci√≥n,Control de Informaci√≥n Documentada,Udi,Todo bien ,,,,[],,
1/16/2024 18:17:25,Felicitaci√≥n,Pr√©stamo de Equipo Inform√°tico,Udi ,Todo bien,,,,[],,
1/17/2024 14:36:24,Sugerencia,Pr√©stamo de Equipo Inform√°tico,Prestamo de equipo ,Verificar que el disco duro siempre est√° al 100%,,,verificar disco duro 100,"['verificar', 'disco', 'duro', '100']",verificar disco duro 100,verific disc dur 100
1/17/2024 14:36:44,Felicitaci√≥n,Pr√©stamo de Equipo Inform√°tico,Presta de equipo inform√°tico,Servicio eficiente ,,,servicio eficiente,"['servicio', 'eficiente']",servicio eficiente,servici eficient
1/17/2024 14:36:51,Felicitaci√≥n,Pr√©stamo de Equipo Inform√°tico,presta de equipo inform√°tico ,Me agradaron las computadora ,,,agradaron computadora,"['agradaron', 'computadora']",agradar computadoro,agrad comput
1/18/2024 14:55:50,Queja,Pr√©stamo de Equipo Inform√°tico,Laboratorio de uso libre,No hay quemador de discos y se requiere para grabar la informaci√≥n en los discos que solicita la CATT para TT2,,,quemador discos requiere grabar informacion discos solicita catt tt2,"['quemador', 'discos', 'requiere', 'grabar', 'informacion', 'discos', 'solicita', 'catt', 'tt2']",quemador disco requerir grabar informacion disco solicitar catt tt2,quemador disc requier grab inform disc solicit catt tt2
2/22/2024 14:51:11,Felicitaci√≥n,Pr√©stamo de Equipo Inform√°tico,Prestaci√≥n de computadora,La m√°quina no ten√≠a internet,,,maquina tenia internet,"['maquina', 'tenia', 'internet']",maquina tenia internet,maquin teni internet
2/22/2024 14:53:56,Sugerencia,Pr√©stamo de Equipo Inform√°tico,Pr√©stamo de equipo inform√°tico,Simplemente que en el futuro puedan haber m√°s m√°quinas con conexi√≥n de Internet. ,,,simplemente futuro puedan mas maquinas conexion internet,"['simplemente', 'futuro', 'puedan', 'mas', 'maquinas', 'conexion', 'internet']",simplemente futuro poder maquina conexion internet,simplement futur pued mas maquin conexion internet
3/8/2024 15:02:56,Sugerencia,Pr√©stamo de Equipo Inform√°tico,Pr√©stamo de equipo ,Que en el futuro haya m√°s ordenadores con conexi√≥n de Internet ,,,futuro mas ordenadores conexion internet,"['futuro', 'mas', 'ordenadores', 'conexion', 'internet']",futuro ordenador conexion internet,futur mas orden conexion internet
3/13/2024 13:39:09,Sugerencia,Pr√©stamo de Equipo Inform√°tico,Prestamo,.,,,,[],,
3/13/2024 14:44:15,Sugerencia,Pr√©stamo de Equipo Inform√°tico,Pr√©stamo de computadora,Que quiz√° en el futuro puedan haber m√°s m√°quinas con conexi√≥n de Internet. Quiz√° tambi√©n que se vigile que no vuelvan a robar equipo de c√≥mputo. ,,,quiza futuro puedan mas maquinas conexion internet quiza tambien vigile vuelvan robar equipo computo,"['quiza', 'futuro', 'puedan', 'mas', 'maquinas', 'conexion', 'internet', 'quiza', 'tambien', 'vigile', 'vuelvan', 'robar', 'equipo', 'computo']",futuro poder maquina conexion internet vigile vuelvan robar equipo computo,quiz futur pued mas maquin conexion internet quiz tambi vigil vuelv rob equip comput
3/14/2024 14:47:43,Sugerencia,Gesti√≥n del Dise√±o Curricular de Programas Acad√©micos,Laboratorio ,Algunas no tienen internet,,,internet,['internet'],internet,internet
3/20/2024 13:03:44,Queja,Tr√°mite de Documentos de Gesti√≥n Escolar,"Inscripcion, solicitud de informacion","La mayor√≠a del personal, no todos, pareciera que te hacen un favor cuando solicitas informacion ya sea en ventanilla o por v√≠a telefonica. En mas de una ocasion se han limitado a decirme que la informacion se encuentra en la pagina, sin embargo, a veces he encontrado url a formularios vencidos o con informacion de semestres anteriores.",,,mayoria personal pareciera favor solicitas informacion ventanilla via telefonica mas ocasion limitado decirme informacion pagina encontrado url formularios vencidos informacion semestres anteriores,"['mayoria', 'personal', 'pareciera', 'favor', 'solicitas', 'informacion', 'ventanilla', 'via', 'telefonica', 'mas', 'ocasion', 'limitado', 'decirme', 'informacion', 'pagina', 'encontrado', 'url', 'formularios', 'vencidos', 'informacion', 'semestres', 'anteriores']",mayoria personal parecierar favor solicitar informacion ventanilla via telefonico ocasion limitar decir yo informacion pagina encontrar url formulario vencido informacion semestre anterior,mayori personal parec favor solicit inform ventanill via telefon mas ocasion limit dec inform pagin encontr url formulari venc inform semestr anterior
4/3/2024 9:01:10,Sugerencia,Gesti√≥n de la Encuesta del Desempe√±o Docente,Profesor,"Buen d√≠a me gustar√≠a saber d√≥nde puedo comunicarme con ustedes para poder postularme en ser catedr√°tico soy experto en el √°rea de an√°lisis y vizualizadores de datos por m√°s de 5 a√±os dentro del mundo corporativo en las m√°s importantes empresas de retrail como dando cursos nacional como internacional y busco mucho seguir compartiendo mi conocimientos
Qued√≥ atento a su respuesta
Saludos ",,,dia gustaria comunicarme ustedes postularme catedratico experto area analisis vizualizadores datos mas 5 a√±os mundo corporativo mas importantes empresas retrail dando cursos nacional internacional busco seguir compartiendo conocimientos quedo atento respuesta saludos,"['dia', 'gustaria', 'comunicarme', 'ustedes', 'postularme', 'catedratico', 'experto', 'area', 'analisis', 'vizualizadores', 'datos', 'mas', '5', 'a√±os', 'mundo', 'corporativo', 'mas', 'importantes', 'empresas', 'retrail', 'dando', 'cursos', 'nacional', 'internacional', 'busco', 'seguir', 'compartiendo', 'conocimientos', 'quedo', 'atento', 'respuesta', 'saludos']",gustario comunicarme postularme catedratico experto area analisis vizualizadores dato 5 a√±o mundo corporativo importante empresa retrail dar curso nacional internacional buscar seguir compartir conocimiento quedo atento respuesta saludos,dia gustari comunic usted postul catedrat expert are analisis vizualiz dat mas 5 a√±os mund corpor mas import empres retrail dand curs nacional internacional busc segu compart conoc qued atent respuest salud
4/17/2024 10:14:07,Sugerencia,Control y Ejercicio de Recursos Excedentes,Revision,Queja,,,queja,['queja'],queja,quej
4/17/2024 12:03:50,Sugerencia,Gesti√≥n del Dise√±o Curricular de Programas Acad√©micos,Computadora ,Ninguna ,,,,[],,
4/17/2024 13:02:10,Felicitaci√≥n,Mantenimiento de la Infraestructura F√≠sica,C√≥mputo ,Felicitaciones,,,felicitaciones,['felicitaciones'],felicitaci√≥n,felicit
4/17/2024 14:59:39,Felicitaci√≥n,Pr√©stamo de Equipo Inform√°tico,Laboratorio,Todo bien,,,,[],,
4/19/2024 16:12:20,Sugerencia,Mantenimiento de la Infraestructura F√≠sica,Laboratorio libre ,Pongan internet a las dem√°s computadoras ,,,pongan internet demas computadoras,"['pongan', 'internet', 'demas', 'computadoras']",poner internet demas computadora,pong internet dem comput
4/22/2024 14:51:33,Felicitaci√≥n,Gesti√≥n del Dise√±o Curricular de Programas Acad√©micos,A,"A
A",,,,[],,
4/23/2024 16:48:54,Sugerencia,Pr√©stamo de Equipo Inform√°tico,Computadoras ,Ojal√° todas tuvieran internet y no tuvi√©ramos que esperar hasta que se desocupen ,,,ojala internet tuvieramos esperar desocupen,"['ojala', 'internet', 'tuvieramos', 'esperar', 'desocupen']",ojala internet tuvierir esperar desocupir,ojal internet tuvier esper desocup
4/24/2024 11:24:56,Queja,Gesti√≥n del Dise√±o Curricular de Programas Acad√©micos,Pr√©stamo computadoras,Felicitacion,,,felicitacion,['felicitacion'],felicitacion,felicit
4/24/2024 11:25:32,Felicitaci√≥n,Gesti√≥n del Dise√±o Curricular de Programas Acad√©micos,F,Todo excelente ,,,excelente,['excelente'],excelente,excelent
4/24/2024 14:28:09,Sugerencia,Pr√°cticas Acad√©micas de Laboratorios y Talleres,Especificaciones ,Los,,,,[],,
4/24/2024 14:28:44,Sugerencia,Gesti√≥n del Dise√±o de Programas de Estudio,N,H,,,h,['h'],h,h
4/24/2024 14:47:19,Sugerencia,Pr√©stamo de Equipo Inform√°tico,Pr√©stamo de computadora,Que en el futuro en lo m√°s posible pueda aumentar el n√∫mero de computadoras con conexi√≥n de Internet. ,,,futuro mas aumentar numero computadoras conexion internet,"['futuro', 'mas', 'aumentar', 'numero', 'computadoras', 'conexion', 'internet']",futuro aumentar numero computadora conexion internet,futur mas aument numer comput conexion internet
4/25/2024 11:32:51,Queja,Pr√©stamo de Equipo Inform√°tico,Salas de c√≥mputo ,En la mayor√≠a de computadoras no hay Internet ,,,mayoria computadoras internet,"['mayoria', 'computadoras', 'internet']",mayoria computadora internet,mayori comput internet
4/25/2024 14:57:01,Sugerencia,Gesti√≥n del Dise√±o de Programas de Estudio,Jdsj,Hhj,,,hhj,['hhj'],hhj,hhj
4/25/2024 18:07:43,Sugerencia,Gesti√≥n del Dise√±o Curricular de Programas Acad√©micos,U,"D
",,,d,['d'],d,d
4/26/2024 15:35:14,Sugerencia,Pr√©stamo de Equipo Inform√°tico,Computadora para tarea,"Le hace falta internet a las compus, as√≠ como alguno que otro programa necesario ",,,falta internet compus asi programa necesario,"['falta', 'internet', 'compus', 'asi', 'programa', 'necesario']",falta internet compus programa necesario,falt internet compus asi program necesari
4/30/2024 10:42:08,Queja,Pr√©stamo de Equipo Inform√°tico,Una m√°quina ,No todas las m√°quinas tienen internet ,,,maquinas internet,"['maquinas', 'internet']",maquina internet,maquin internet
4/30/2024 11:53:53,Queja,Pr√©stamo de Equipo Inform√°tico,Pr√©stamo laboratorio libre ,N¬∫ hab√≠a Internet en las maquinas ,,,n¬∫ habia internet maquinas,"['n¬∫', 'habia', 'internet', 'maquinas']",n¬∫ internet maquina,n¬∫ habi internet maquin
4/30/2024 11:54:13,Felicitaci√≥n,Pr√©stamo de Equipo Inform√°tico,Equipo de computaci√≥n ,Buena atenci√≥n ,,,atencion,['atencion'],atencion,atencion
4/30/2024 16:24:59,Sugerencia,Mantenimiento de la Infraestructura F√≠sica,Lab. Libre,Pongan internet a las ptras m√°quinas,,,pongan internet ptras maquinas,"['pongan', 'internet', 'ptras', 'maquinas']",poner internet ptra maquina,pong internet ptras maquin
5/2/2024 17:58:38,Felicitaci√≥n,Gesti√≥n del Dise√±o Curricular de Programas Acad√©micos,H,"I
J
",,,i j,"['i', 'j']",i j,i j
5/6/2024 18:14:03,Felicitaci√≥n,Control de Informaci√≥n Documentada,Si,Ninguna,,,,[],,
5/7/2024 10:10:09,Felicitaci√≥n,Gesti√≥n del Dise√±o Curricular de Programas Acad√©micos,Compu,Felicidades ,,,felicidades,['felicidades'],felicidad,felic
5/7/2024 10:10:21,Felicitaci√≥n,Gesti√≥n del Dise√±o Curricular de Programas Acad√©micos,Computaci√≥n ,Dan un buen servicio ,,,servicio,['servicio'],servicio,servici
5/9/2024 15:47:48,Queja,Pr√©stamo de Equipo Inform√°tico,Computadora ,No hay internet ,,,internet,['internet'],internet,internet
5/9/2024 15:48:36,Sugerencia,Adjudicaci√≥n Directa de Materiales y/o Servicios,Computadora ,No ten√≠an internet ,,,tenian internet,"['tenian', 'internet']",teniar internet,teni internet
5/13/2024 10:40:48,Queja,Gesti√≥n para las Pr√°cticas y/o Visitas Escolares,Lab de uso libre,No hay internet ,,,internet,['internet'],internet,internet
5/16/2024 9:56:24,Sugerencia,Pr√©stamo de Equipo Inform√°tico,Computadora,La atenci√≥n fue buena,,,atencion,['atencion'],atencion,atencion
5/16/2024 11:44:01,Sugerencia,Gesti√≥n de la Acreditaci√≥n de Programas Acad√©micos,N,L,,,l,['l'],l,l
5/16/2024 11:58:17,Felicitaci√≥n,Control de Informaci√≥n Documentada,.,.,,,,[],,
5/16/2024 11:58:32,Sugerencia,Control de Informaci√≥n Documentada,Uso de laboratorio,No hay internet en todas las m√°quinas ,,,internet maquinas,"['internet', 'maquinas']",internet maquina,internet maquin
5/16/2024 13:41:05,Sugerencia,Gesti√≥n del Dise√±o Curricular de Programas Acad√©micos,Uso de computadora.,El internet en las computadoras.,,,internet computadoras,"['internet', 'computadoras']",internet computadora,internet comput
5/16/2024 14:20:15,Sugerencia,Pr√©stamo de Equipo Inform√°tico,Pr√©stamos de computadoras ,Falta internet en las compus ,,,falta internet compus,"['falta', 'internet', 'compus']",falta internet compus,falt internet compus
5/20/2024 10:18:25,Sugerencia,Pr√©stamo de Equipo Inform√°tico,Pr√©stamo de equipo de computo,Algunas computadoras no tienen internet o no prenden ,,,computadoras internet prenden,"['computadoras', 'internet', 'prenden']",computadora internet prender,comput internet prend
5/20/2024 13:10:56,Felicitaci√≥n,Pr√©stamo de Equipo Inform√°tico,Udi,Buena atenci√≥n,,,atencion,['atencion'],atencion,atencion
5/20/2024 13:11:59,Felicitaci√≥n,Pr√©stamo de Equipo Inform√°tico,UDI,todo bien,,,,[],,
5/21/2024 14:52:13,Sugerencia,Pr√°cticas Acad√©micas de Laboratorios y Talleres,Laboratorio ,Ninguno,,,,[],,
5/24/2024 16:07:59,Felicitaci√≥n,Mantenimiento de la Infraestructura F√≠sica,Laboratorios,Felicitacion,,,felicitacion,['felicitacion'],felicitacion,felicit
5/27/2024 12:00:32,Felicitaci√≥n,Pr√©stamo de Equipo Inform√°tico,no,Felicitacion. Muy limpio,,,felicitacion limpio,"['felicitacion', 'limpio']",felicitacion limpio,felicit limpi
5/30/2024 15:07:05,Felicitaci√≥n,Pr√©stamo de Equipo Inform√°tico,Sala de uso general,Use una computadora con internet,,,use computadora internet,"['use', 'computadora', 'internet']",use computadoro internet,use comput internet
6/3/2024 15:12:54,Sugerencia,Pr√©stamo de Equipo Inform√°tico,Pr√©stamo de computadoras,Atenci√≥n buena,,,atencion,['atencion'],atencion,atencion
6/3/2024 15:31:35,Felicitaci√≥n,Pr√©stamo de Equipo Inform√°tico,Uso de laboratorio para el Club de Algoritmia,Ninguna queja en absoluto. Todo fue fluido.,,,queja absoluto fluido,"['queja', 'absoluto', 'fluido']",queja absoluto fluir,quej absolut flu
6/4/2024 13:08:35,Queja,Pr√©stamo de Equipo Inform√°tico,Empresa de equipo informativo,Ya es cansado hacer todo esto,,,cansado,['cansado'],cansado,cans
6/4/2024 16:01:30,Sugerencia,Gesti√≥n del Dise√±o de Programas de Estudio,..,..,,,,[],,
6/10/2024 10:28:48,Felicitaci√≥n,Gesti√≥n del Dise√±o Curricular de Programas Acad√©micos,Tarea,Ninguna,,,,[],,
6/11/2024 13:37:52,Queja,Pr√°cticas Acad√©micas de Laboratorios y Talleres,Tgj,Hb,,,hb,['hb'],hb,hb
6/12/2024 13:18:39,Felicitaci√≥n,Auditor√≠a Interna,Equipo ,Felicitaci√≥n ,,,felicitacion,['felicitacion'],felicitacion,felicit
6/12/2024 14:25:07,Felicitaci√≥n,Pr√©stamo de Equipo Inform√°tico,Prestamo,Buen servicio ,,,servicio,['servicio'],servicio,servici
6/13/2024 17:24:11,Sugerencia,Pr√©stamo de Equipo Inform√°tico,Equipo de c√≥mputo ,Mejor gesti√≥n en los cables de internet y su repartici√≥n ,,,gestion cables internet reparticion,"['gestion', 'cables', 'internet', 'reparticion']",gestion cables internet reparticion,gestion cabl internet reparticion
6/13/2024 17:24:20,Sugerencia,Pr√©stamo de Equipo Inform√°tico,Equipo de conmputo ,Mejor gesti√≥n de internet ya que algunos equipos no cuentan con el mismo,,,gestion internet equipos cuentan,"['gestion', 'internet', 'equipos', 'cuentan']",gestion internet equipo contar,gestion internet equip cuent
6/14/2024 17:04:25,Felicitaci√≥n,Pr√°cticas Acad√©micas de Laboratorios y Talleres,Uso de laboratorio ,Buena atenci√≥n ,,,atencion,['atencion'],atencion,atencion
6/14/2024 17:48:07,Sugerencia,Actualizaci√≥n y Capacitaci√≥n Docentes,K,L,,,l,['l'],l,l
6/14/2024 17:48:26,Sugerencia,Actualizaci√≥n y Capacitaci√≥n Docentes,laboratorio ,no hab√≠a internet ,,,habia internet,"['habia', 'internet']",internet,habi internet
6/14/2024 18:28:36,Felicitaci√≥n,Control de Informaci√≥n Documentada,Documentaci√≥n ,Felicitaci√≥n ,,,felicitacion,['felicitacion'],felicitacion,felicit
6/18/2024 12:30:21,Felicitaci√≥n,Pr√©stamo de Equipo Inform√°tico,Laboratorio de usos m√∫ltiples ,Muy buena compu üëå ,,,compu üëå,"['compu', 'üëå']",compu üëå,compu üëå
6/18/2024 18:10:12,Felicitaci√≥n,Pr√©stamo de Equipo Inform√°tico,Pr√©stamo de equipo ,.,,,,[],,
6/18/2024 18:22:38,Felicitaci√≥n,Gesti√≥n del Dise√±o de Programas de Estudio,Servicio de pr√©stamo de equipo inform√°tico,Deber√≠an de conectar todas las computadoras a internet ,,,deberian conectar computadoras internet,"['deberian', 'conectar', 'computadoras', 'internet']",deberian conectar computadora internet,deberi conect comput internet
6/18/2024 18:23:50,Sugerencia,Gesti√≥n de la Movilidad Acad√©mica,Para qu√© la encuesta?,Mas internet en las compus,,,mas internet compus,"['mas', 'internet', 'compus']",internet compus,mas internet compus
6/19/2024 10:03:13,Felicitaci√≥n,Gesti√≥n del Dise√±o Curricular de Programas Acad√©micos,Tarea,Ninguna ,,,,[],,
6/19/2024 10:21:46,Felicitaci√≥n,Pr√©stamo de Equipo Inform√°tico,Laboratorio de c√≥mputo,Felicitaci√≥n,,,felicitacion,['felicitacion'],felicitacion,felicit
6/19/2024 10:22:34,Felicitaci√≥n,Pr√©stamo de Equipo Inform√°tico,Computadora ,Todo bien ,,,,[],,
6/19/2024 10:22:36,Felicitaci√≥n,Pr√©stamo de Equipo Inform√°tico,Computadora,Felicidades,,,felicidades,['felicidades'],felicidad,felic
6/19/2024 12:19:55,Felicitaci√≥n,Tutor√≠as,Pr√©stamo de computadora ,Equipo excelente ,,,equipo excelente,"['equipo', 'excelente']",equipo excelente,equip excelent
6/24/2024 9:45:21,Felicitaci√≥n,Pr√©stamo de Equipo Inform√°tico,prestamo de computadora ,buena atencion,,,atencion,['atencion'],atencion,atencion
6/25/2024 16:19:20,Queja,Gesti√≥n del Dise√±o de Programas de Estudio,Hahahha,Mala internet nefasto ,Subdirecci√≥n Acad√©mica,,mala internet nefasto,"['mala', 'internet', 'nefasto']",malo internet nefasto,mal internet nefast
6/25/2024 16:19:38,Felicitaci√≥n,Gesti√≥n del Dise√±o Curricular de Programas Acad√©micos,Uso de equipo de c√≥mputo,"Felicidades, al final arreglaron las compis sin internet ",Departamento de Servicios Estudiantiles,,felicidades final arreglaron compis internet,"['felicidades', 'final', 'arreglaron', 'compis', 'internet']",felicidad arreglar compis internet,felic final arregl compis internet
6/25/2024 17:19:53,Felicitaci√≥n,Concurso de Ex√°menes de Oposici√≥n de C√°tedra,Lab,Ok,Unidad de Inform√°tica,,ok,['ok'],ok,ok
6/26/2024 10:04:26,Queja,Pr√©stamo de Equipo Inform√°tico,Pr√©stamo de computadora ,No ten√≠a Internet la computadora ,Unidad de Inform√°tica,,tenia internet computadora,"['tenia', 'internet', 'computadora']",tenia internet computadoro,teni internet comput
6/26/2024 18:32:18,Sugerencia,Control y Ejercicio de Recursos Excedentes,Computo,Todo bien ,Departamento de Ciencias e Ingenier√≠a de la Computaci√≥n,,,[],,
6/27/2024 14:17:46,Felicitaci√≥n,Gesti√≥n de la Evaluaci√≥n Curricular de Programas Acad√©micos,Laboratorio de uso libre,Me gusto,Unidad de Inform√°tica,,gusto,['gusto'],gusto,gust
6/27/2024 14:18:24,Sugerencia,Planeaci√≥n Institucional,UDI,Las computadoras no ten√≠an internet pero no fue buen servicio ,Unidad de Inform√°tica,,computadoras tenian internet servicio,"['computadoras', 'tenian', 'internet', 'servicio']",computadora teniar internet servicio,comput teni internet servici
7/1/2024 14:17:10,Felicitaci√≥n,Gesti√≥n del Dise√±o de Programas de Estudio,C√≥mputo ,El internet es un poco malo ,Departamento de Ingenier√≠a en Sistemas Computacionales,,internet malo,"['internet', 'malo']",internet malo,internet mal
7/1/2024 16:36:41,Felicitaci√≥n,Pr√©stamo de Equipo Inform√°tico,Pc,Buen servicio ,Unidad de Inform√°tica,,servicio,['servicio'],servicio,servici
7/3/2024 16:31:55,Sugerencia,Pr√©stamo de Equipo Inform√°tico,Computadora ,Fijarse en el internet y la distribuci√≥n de cables ethernet ,Unidad de Inform√°tica,,fijarse internet distribucion cables ethernet,"['fijarse', 'internet', 'distribucion', 'cables', 'ethernet']",fijar √©l internet distribucion cables ethernet,fij internet distribucion cabl ethernet
7/3/2024 16:32:18,Felicitaci√≥n,Pr√©stamo de Equipo Inform√°tico,Uso de computadoras ,Buen servicio ,Unidad de Inform√°tica,,servicio,['servicio'],servicio,servici
7/3/2024 18:14:14,Queja,Registro y Control de Bienes Muebles del Activo Fijo,H,Atenci√≥n lenta,Departamento de Ciencias e Ingenier√≠a de la Computaci√≥n,,atencion lenta,"['atencion', 'lenta']",atencion lento,atencion lent
8/26/2024 16:30:51,Sugerencia,Pr√©stamo de Equipo Inform√°tico,Computadoras ,Mejor internet ,Unidad de Inform√°tica,Unidad de Inform√°tica,internet,['internet'],internet,internet
8/26/2024 16:31:00,Sugerencia,Pr√©stamo de Equipo Inform√°tico,Computadora,No hay internet en algunas m√°quinas ,Unidad de Inform√°tica,Unidad de Inform√°tica,internet maquinas,"['internet', 'maquinas']",internet maquina,internet maquin
8/27/2024 14:49:18,Felicitaci√≥n,Pr√©stamo de Equipo Inform√°tico,Prestar computadora ,Me gust√≥ los equipos ,Unidad de Inform√°tica,Unidad de Inform√°tica,gusto equipos,"['gusto', 'equipos']",gusto equipo,gust equip
8/27/2024 18:07:19,Queja,Pr√©stamo de Equipo Inform√°tico,Laboratorio,El chico siempre pide llenar la encuesta y me quita tiempo.,Unidad de Inform√°tica,Unidad de Inform√°tica,chico pide llenar encuesta quita,"['chico', 'pide', 'llenar', 'encuesta', 'quita']",chico pedir llenar encuesta quitar,chic pid llen encuest quit
8/27/2024 18:07:29,Felicitaci√≥n,Uso de laboratorio ,Consulta de informaci√≥n en medios digitales,"Ninguna, todo bien ",Unidad de Inform√°tica,Unidad de Inform√°tica,,[],,
9/3/2024 13:30:45,Queja,Inscripci√≥n,Baja y alta de materias ,La persona que estaba en ventanilla el dia 3 de septiembre a las 1:20 contesto de manera prepotente y despota sobre la informaci√≥n de un tramite,Departamento de Servicios Estudiantiles,Gesti√≥n escolar,persona ventanilla dia 3 septiembre 120 contesto prepotente despota informacion tramite,"['persona', 'ventanilla', 'dia', '3', 'septiembre', '120', 'contesto', 'prepotente', 'despota', 'informacion', 'tramite']",persona ventanilla 3 septiembre 120 contesto prepotente despota informacion tramite,person ventanill dia 3 septiembr 120 contest prepotent despot inform tramit
9/4/2024 11:50:48,Felicitaci√≥n,Seguimiento a Egresados,Computo ,Ninguna ,Unidad de Inform√°tica,Departamento de Extensi√≥n y Apoyos Educativos,,[],,
9/6/2024 13:05:57,Queja,Pr√©stamo de Equipo Inform√°tico,Pr√©stamo de computadoras ,Las computadoras no tienen internet y se tarda en buscar una con internet ,Unidad de Inform√°tica,Unidad de Inform√°tica,computadoras internet tarda buscar internet,"['computadoras', 'internet', 'tarda', 'buscar', 'internet']",computadora internet tardar buscar internet,comput internet tard busc internet
9/9/2024 7:54:45,Sugerencia,Pr√©stamo de Equipo Inform√°tico,Pr√©stamo de una computadora para un trabajo escolar.,No hab√≠a internet en las m√°quinas.,Unidad de Inform√°tica,Unidad de Inform√°tica,habia internet maquinas,"['habia', 'internet', 'maquinas']",internet maquina,habi internet maquin
9/9/2024 7:55:08,Felicitaci√≥n,Pr√©stamo de Equipo Inform√°tico,Pr√©stamo de equipo de c√≥mputo ,Atenci√≥n buena ,Unidad de Inform√°tica,Unidad de Inform√°tica,atencion,['atencion'],atencion,atencion
9/9/2024 9:59:27,Felicitaci√≥n,Pr√©stamo de Equipo Inform√°tico,Pr√©stamo de computadora ,felicitaci√≥n ,Unidad de Inform√°tica,Unidad de Inform√°tica,felicitacion,['felicitacion'],felicitacion,felicit
9/9/2024 10:21:19,Felicitaci√≥n,Pr√°cticas Acad√©micas de Laboratorios y Talleres,Realizacion de trabajos en pc,Son muy amables y atentos ,Unidad de Inform√°tica,Unidad de Inform√°tica,amables atentos,"['amables', 'atentos']",amable atento,amabl atent
9/10/2024 10:53:18,Sugerencia,Pr√©stamo de Equipo Inform√°tico,Laboratorio de uso com√∫n de computadoras,Tener cables de red ethernet disponibles para laptops,Unidad de Inform√°tica,Unidad de Inform√°tica,cables red ethernet disponibles laptops,"['cables', 'red', 'ethernet', 'disponibles', 'laptops']",cables red ethernet disponible laptops,cabl red ethernet dispon laptops
9/10/2024 11:58:10,Felicitaci√≥n,Pr√°cticas Acad√©micas de Laboratorios y Talleres,Uso de aula libre,Todo bien,,Unidad de Inform√°tica,,[],,
9/10/2024 14:46:39,Felicitaci√≥n,Gesti√≥n del Dise√±o Curricular de Programas Acad√©micos,Compyto,Bien,Innovaci√≥n Educativa,Unidad de Inform√°tica,,[],,
9/10/2024 14:58:06,Felicitaci√≥n,Gesti√≥n para las Pr√°cticas y/o Visitas Escolares,Prestamo,Buen servicio ,Depto. de Evaluaci√≥n y Seguimiento Acad√©mico,Depto. de Evaluaci√≥n y Seguimiento Acad√©mico,servicio,['servicio'],servicio,servici
9/10/2024 16:15:59,Felicitaci√≥n,Pr√©stamo de Equipo Inform√°tico,Entrada a laboratorio,Funciona bien,Unidad de Inform√°tica,Unidad de Inform√°tica,funciona,['funciona'],funcionar,funcion
9/11/2024 11:31:36,Felicitaci√≥n,Gesti√≥n del Dise√±o Curricular de Programas Acad√©micos,Tarea ,Eficiencia,Departamento de Formaci√≥n B√°sica,Unidad de Inform√°tica,eficiencia,['eficiencia'],eficiencia,eficient
9/11/2024 12:55:18,Sugerencia,Planeaci√≥n Institucional,Todo bien,No,Coordinaci√≥n de Enlace y Gesti√≥n T√©cnica,Coordinaci√≥n de Enlace y Gesti√≥n T√©cnica,,[],,
9/12/2024 14:08:05,Sugerencia,Gesti√≥n del Dise√±o Curricular de Programas Acad√©micos,Internet ,Internet ,Unidad de Inform√°tica,Unidad de Inform√°tica,internet,['internet'],internet,internet
9/13/2024 11:51:18,Felicitaci√≥n,Prestar ,Pr√©stamo de equipo ,De momento nada,Unidad de Inform√°tica,Unidad de Inform√°tica,,[],,
9/13/2024 11:52:09,Queja,Pr√©stamo de Equipo Inform√°tico,COMPUTADORA,NO HAB√çA INTERNET ,Departamento de Ciencias e Ingenier√≠a de la Computaci√≥n,Unidad de Inform√°tica,habia internet,"['habia', 'internet']",internet,habi internet
9/13/2024 11:52:32,Queja,Pr√©stamo de Equipo Inform√°tico,computadoras ,no hab√≠a internet en las computadoras ,Unidad de Inform√°tica,Unidad de Inform√°tica,habia internet computadoras,"['habia', 'internet', 'computadoras']",internet computadora,habi internet comput
9/13/2024 13:40:41,Queja,Actividades Culturales y/o Deportivas,Auditorio de ESCOM ,"Me explicaron que al pedir el auditorio de ESCOM, se ten√≠a que pedir grupo a la subdirecci√≥n acad√©mica. Siempre dicen que andan ocupados y cuando dices que no hay problema, que esperas, te miran mal. Ya cuando ven que te esperas te ven con una cara de asco y ya te hacen pasar y te atienden de mala gana. Te hablan altaneramente y te ningunean. Ni siquiera dejan explicar bien la situaci√≥n porque te est√°n rega√±ando como si fuera tu culpa ir all√≠. Encima denigran tu espacio en el auditorio como si lo que fueras hacer no vale nada como incit√°ndote a cancelarla.",Subdirecci√≥n Acad√©mica,Departamento de Extensi√≥n y Apoyos Educativos,explicaron pedir auditorio escom tenia pedir grupo subdireccion academica andan ocupados dices problema esperas miran mal ven esperas ven cara asco pasar atienden mala gana hablan altaneramente ningunean siquiera dejan explicar situacion rega√±ando culpa alli denigran espacio auditorio vale incitandote cancelarla,"['explicaron', 'pedir', 'auditorio', 'escom', 'tenia', 'pedir', 'grupo', 'subdireccion', 'academica', 'andan', 'ocupados', 'dices', 'problema', 'esperas', 'miran', 'mal', 'ven', 'esperas', 'ven', 'cara', 'asco', 'pasar', 'atienden', 'mala', 'gana', 'hablan', 'altaneramente', 'ningunean', 'siquiera', 'dejan', 'explicar', 'situacion', 'rega√±ando', 'culpa', 'alli', 'denigran', 'espacio', 'auditorio', 'vale', 'incitandote', 'cancelarla']",explicar pedir auditorio escom tenia pedir grupo subdireccion academico andar ocupado diz problema espera miran ver espera ver cara asco pasar atender malo ganar altaneramente ningunear siquiera dejar explicar situacion rega√±ar culpa denigran espacio auditorio valer incitandote cancelar √©l,explic ped auditori escom teni ped grup subdireccion academ andan ocup dic problem esper mir mal ven esper ven car asco pas atiend mal gan habl altaner ningun siqu dej explic situacion rega√± culp alli denigr espaci auditori val incitandot cancel
9/17/2024 14:42:34,Felicitaci√≥n,Pr√©stamo de Equipo Inform√°tico,Permiso para usar equipo de laboratorio ,Ninguno,Unidad de Inform√°tica,Unidad de Inform√°tica,,[],,
9/18/2024 14:32:36,Sugerencia,Pr√©stamo de Equipo Inform√°tico,pr√©stamo de equipo ,Internet no funciona ,Unidad de Inform√°tica,Unidad de Inform√°tica,internet funciona,"['internet', 'funciona']",internet funcionar,internet funcion
9/19/2024 14:32:47,Felicitaci√≥n,Pr√©stamo de Equipo Inform√°tico,equipo inform√°tico,Perfecto ,Unidad de Inform√°tica,Unidad de Inform√°tica,perfecto,['perfecto'],perfecto,perfect
9/19/2024 15:06:25,Queja,Pr√©stamo de Equipo Inform√°tico,Usar compu,No tiene internet ,Direcci√≥n,Unidad de Inform√°tica,internet,['internet'],internet,internet
9/19/2024 15:58:13,Sugerencia,Pr√°cticas Acad√©micas de Laboratorios y Talleres,Prestamos de la sala libre ,No hay internet en algunas m√°quinas ,Unidad de Inform√°tica,Unidad de Inform√°tica,internet maquinas,"['internet', 'maquinas']",internet maquina,internet maquin
9/24/2024 11:53:14,Queja,Gesti√≥n del Dise√±o Curricular de Programas Acad√©micos,Lab,Malas computadoras ,Unidad de Inform√°tica,Unidad de Inform√°tica,malas computadoras,"['malas', 'computadoras']",mala computadora,mal comput
9/26/2024 12:46:11,Felicitaci√≥n,Gesti√≥n del Dise√±o Curricular de Programas Acad√©micos,Pr√©stamo de equipo,:),Unidad de Inform√°tica,Unidad de Inform√°tica,,[],,
9/27/2024 10:14:01,Felicitaci√≥n,Pr√©stamo de Equipo Inform√°tico,Pr√©stamo de comoutadora,Todo buen,Unidad de Inform√°tica,Unidad de Inform√°tica,,[],,
9/30/2024 9:54:54,Sugerencia,Uso de equipos ,Sal√≥n de computo ,Las m√°quinas est√°n algo lentas ,Unidad de Inform√°tica,Unidad de Inform√°tica,maquinas lentas,"['maquinas', 'lentas']",maquina lenta,maquin lent
9/30/2024 9:55:38,Sugerencia,Control de Informaci√≥n Documentada,Ninguno,Ninguno,Unidad de Inform√°tica,,,[],,
9/30/2024 9:56:06,Felicitaci√≥n,Pr√©stamo de Equipo Inform√°tico,Prestamo de Computadora,El equipo funciono bien,Unidad de Inform√°tica,Unidad de Inform√°tica,equipo funciono,"['equipo', 'funciono']",equipo funciono,equip funcion
10/7/2024 9:51:31,Felicitaci√≥n,Pr√©stamo de Equipo Inform√°tico,Prestamo de equipo ,Muy amables,Unidad de Inform√°tica,Unidad de Inform√°tica,amables,['amables'],amable,amabl
10/7/2024 10:06:48,Felicitaci√≥n,Pr√©stamo de Equipo Inform√°tico,Prestamo de equipo ,Muy amables ,Unidad de Inform√°tica,Unidad de Inform√°tica,amables,['amables'],amable,amabl
10/7/2024 10:07:55,Felicitaci√≥n,Pr√©stamo de Equipo Inform√°tico,Prestamo de PC,Todo bien,Unidad de Inform√°tica,Unidad de Inform√°tica,,[],,
10/7/2024 16:02:32,Sugerencia,Pr√©stamo de Equipo Inform√°tico,Uso de sala de uso libre,Me solicitaron llenar el formulario,Departamento de Servicios Estudiantiles,Unidad de Inform√°tica,solicitaron llenar formulario,"['solicitaron', 'llenar', 'formulario']",solicitar llenar formulario,solicit llen formulari
10/8/2024 12:03:30,Felicitaci√≥n,Gesti√≥n de la Evaluaci√≥n Curricular de Programas Acad√©micos,Computadora ,Bueno,Unidad de Inform√°tica,Unidad de Inform√°tica,,[],,
10/9/2024 15:11:25,Felicitaci√≥n,Pr√©stamo de Equipo Inform√°tico,Prestamos de equipo de Computaci√≥n para realizar pr√°cticas escolares ,"Buen equipo de c√≥mputo, buena atenci√≥n acad√©mica ",Unidad de Inform√°tica,Unidad de Inform√°tica,equipo computo atencion academica,"['equipo', 'computo', 'atencion', 'academica']",equipo computo atencion academico,equip comput atencion academ
10/10/2024 10:45:34,Felicitaci√≥n,Gesti√≥n del Dise√±o Curricular de Programas Acad√©micos,Ninguno,Ninguna ,Unidad de Inform√°tica,Innovaci√≥n Educativa,,[],,
10/22/2024 15:03:23,Felicitaci√≥n,Tutor√≠as,.,..,Departamento de Innovaci√≥n Educativa,Depto. de Evaluaci√≥n y Seguimiento Acad√©mico,,[],,
11/11/2024 11:58:57,Felicitaci√≥n,Pr√©stamo de Equipo Inform√°tico,De c√≥mputo ,Muy bien equipo ,Unidad de Inform√°tica,Unidad de Inform√°tica,equipo,['equipo'],equipo,equip
11/11/2024 11:59:19,Felicitaci√≥n,Pr√©stamo de Equipo Inform√°tico,Pr√©stamo de computadora,Buen servicio ,Unidad de Inform√°tica,Unidad de Inform√°tica,servicio,['servicio'],servicio,servici
11/13/2024 10:09:55,Felicitaci√≥n,Gesti√≥n para las Pr√°cticas y/o Visitas Escolares,ninguno,Buen trabajo,Unidad de Inform√°tica,Depto. de Evaluaci√≥n y Seguimiento Acad√©mico,,[],,
11/13/2024 10:10:20,Sugerencia,Pr√©stamo de Equipo Inform√°tico,Prestaci√≥n de equipo ,Sugiero poder conectar el Ethernet a nuestro equipo para poder hacer uso del internet y del monitor,Unidad de Inform√°tica,Unidad de Inform√°tica,sugiero conectar ethernet equipo internet monitor,"['sugiero', 'conectar', 'ethernet', 'equipo', 'internet', 'monitor']",sugiero conectar ethernet equipo internet monitor,sugier conect ethernet equip internet monitor
11/19/2024 10:31:22,Felicitaci√≥n,Gesti√≥n del Dise√±o de Programas de Estudio,Ninguna ,Ninguna ,Subdirecci√≥n Acad√©mica,Unidad de Inform√°tica,,[],,
11/19/2024 14:55:28,Felicitaci√≥n,Gesti√≥n de la Evaluaci√≥n Curricular de Programas Acad√©micos,Ninguna ,Ninguna ,Unidad de Inform√°tica,Unidad de Inform√°tica,,[],,
11/20/2024 13:33:38,Felicitaci√≥n,Concurso de Ex√°menes de Oposici√≥n de C√°tedra,.,.,Departamento de Ciencias e Ingenier√≠a de la Computaci√≥n,Subdirecci√≥n Acad√©mica,,[],,
11/20/2024 14:24:59,Queja,Pr√©stamo de Equipo Inform√°tico,Pr√©stamo de equipo de laboratorio libre ,"Las m√°quinas no se pueden usar para hacer tareas en horas libres, no dejan programas ni tienen ning√∫n programa o IDE para poder hacer pr√°cticas ",Unidad de Inform√°tica,Unidad de Inform√°tica,maquinas tareas horas libres dejan programas ningun programa ide practicas,"['maquinas', 'tareas', 'horas', 'libres', 'dejan', 'programas', 'ningun', 'programa', 'ide', 'practicas']",maquina tarea horas libre dejar programa ningun programa ide practica,maquin tar hor libr dej program ningun program ide practic
11/25/2024 17:53:12,Felicitaci√≥n,Laboratorio,Pr√©stamo de m√°quina.,Bueno,Departamento de Ciencias e Ingenier√≠a de la Computaci√≥n,Unidad de Inform√°tica,,[],,
12/18/2024 12:10:13,Felicitaci√≥n,Tutor√≠as,Udi,No ,Unidad de Inform√°tica,Depto. de Evaluaci√≥n y Seguimiento Acad√©mico,,[],,
12/18/2024 12:10:29,Felicitaci√≥n,Auditor√≠a Interna,Computadora ,Muy buen servicio ,Subdirecci√≥n de Servicios Educativos e Integraci√≥n Social,Coordinaci√≥n de Enlace y Gesti√≥n T√©cnica,servicio,['servicio'],servicio,servici
12/18/2024 15:35:21,Felicitaci√≥n,Compu,Compu,Todo bien ,Unidad de Inform√°tica,Unidad de Inform√°tica,,[],,
1/8/2025 14:04:54,Felicitaci√≥n,Gesti√≥n del Dise√±o Curricular de Programas Acad√©micos,Bie n,Ninguna,Unidad de Inform√°tica,Innovaci√≥n Educativa,,[],,
1/29/2025 15:20:37,Queja,Reinscripci√≥n,Solicitud de informaci√≥n para Reinscripcion,"Acud√≠ a ventanilla de servicios escolares a resolver una duda acerca de mi proceso de reinscripci√≥n. Sin embargo, la persona que me atendi√≥ se encontraba revisando su celular, mientras me atend√≠a de malas segu√≠a utilizando su celular.
No considero apropiada esta conducta, pues ni siquiera parec√≠a interesarle lo que le comentaba. ",Subdirecci√≥n de Servicios Educativos e Integraci√≥n Social,Gesti√≥n escolar,acudi ventanilla servicios escolares resolver duda acerca proceso reinscripcion persona atendio encontraba revisando celular atendia malas seguia utilizando celular considero apropiada conducta siquiera parecia interesarle comentaba,"['acudi', 'ventanilla', 'servicios', 'escolares', 'resolver', 'duda', 'acerca', 'proceso', 'reinscripcion', 'persona', 'atendio', 'encontraba', 'revisando', 'celular', 'atendia', 'malas', 'seguia', 'utilizando', 'celular', 'considero', 'apropiada', 'conducta', 'siquiera', 'parecia', 'interesarle', 'comentaba']",acudi ventanilla servicio escolar resolver duda acerca proceso reinscripcion persona atendio encontrar revisar celular atendia mala seguia utilizar celular considerar apropiar conductar siquiera parecia interesar √©l comentar,acudi ventanill servici escolar resolv dud acerc proces reinscripcion person atendi encontr revis celul atendi mal segui utiliz celul consider apropi conduct siqu pareci interes coment
1/29/2025 15:43:01,Sugerencia,Pr√©stamo de Equipo Inform√°tico,me prestaron una m√°quina ,muy buena la m√°quina pero un poco lentos los teclados ya que se les atoraban las teclas ,Unidad de Inform√°tica,Unidad de Inform√°tica,maquina lentos teclados atoraban teclas,"['maquina', 'lentos', 'teclados', 'atoraban', 'teclas']",maquina lento teclados atorar tecla,maquin lent tecl ator tecl
1/29/2025 15:43:26,Felicitaci√≥n,Pr√©stamo de Equipo Inform√°tico,mejorar velocidad de internet ,"todo bien, mejorar velocidad de internet ",Unidad de Inform√°tica,Unidad de Inform√°tica,mejorar velocidad internet,"['mejorar', 'velocidad', 'internet']",mejorar velocidad internet,mejor veloc internet
2/12/2025 9:48:11,Felicitaci√≥n,Control de Informaci√≥n Documentada,Prestamo,Ninguna ,Unidad de Inform√°tica,Coordinaci√≥n de Enlace y Gesti√≥n T√©cnica,,[],,
2/12/2025 13:19:44,Felicitaci√≥n,Uso de computadora ,Uso de computadora,Gracias por prestar el servicio,Unidad de Inform√°tica,Unidad de Inform√°tica,gracias prestar servicio,"['gracias', 'prestar', 'servicio']",gracias prestar servicio,graci prest servici
2/13/2025 10:11:36,Queja,Una duda sobre una situaci√≥n ,Una duda ,Simplemente necesitaba una respuesta que no durar√≠a ni 5 minutos y obviamente si hay un horario pero no costaba nada y si se hace un tr√°mite obviamente es en horario,Departamento de Gesti√≥n Escolar,Gesti√≥n escolar,simplemente necesitaba respuesta duraria 5 minutos obviamente horario costaba tramite obviamente horario,"['simplemente', 'necesitaba', 'respuesta', 'duraria', '5', 'minutos', 'obviamente', 'horario', 'costaba', 'tramite', 'obviamente', 'horario']",simplemente necesitar respuesta durario 5 minuto obviamente horario costar tramite obviamente horario,simplement necesit respuest durari 5 minut obvi horari cost tramit obvi horari
2/17/2025 9:58:27,Felicitaci√≥n,"Gesti√≥n, Control y Ejercicio del Presupuesto Federal",Compus,Ninguna ,Unidad de Inform√°tica,Departamento de Recursos Financieros,,[],,
2/19/2025 11:58:13,Felicitaci√≥n,Tiempo Libre,Uso de la m√°quina de computaci√≥n ,Todo bien por el momento ,Departamento de Gesti√≥n Escolar,Unidad de Inform√°tica,,[],,
2/19/2025 13:27:00,Felicitaci√≥n,Uso de PC,Prestacion de PC,Atenci√≥n atenta,Unidad de Inform√°tica,Unidad de Inform√°tica,atencion atenta,"['atencion', 'atenta']",atencion atentar,atencion atent
2/19/2025 13:36:18,Felicitaci√≥n,Servicios Bibliotecarios,Prestaci√≥n de servicios informaticos,"Buen servicio, 10/10",Unidad de Inform√°tica,Depto. de servicios Estudiantiles,servicio 1010,"['servicio', '1010']",servicio 1010,servici 1010
2/19/2025 13:40:25,Sugerencia,Tutor√≠as,Pr√©stamo de equipo,Buen trato ,Unidad de Inform√°tica,Depto. de Evaluaci√≥n y Seguimiento Acad√©mico,trato,['trato'],trato,trat
2/20/2025 12:17:06,Sugerencia,Pr√©stamo de Equipo Inform√°tico,Equipo inform√°tico ,El internet intermitente no me permiti√≥ hacer mi trabajo,Unidad de Inform√°tica,Unidad de Inform√°tica,internet intermitente permitio,"['internet', 'intermitente', 'permitio']",internet intermitente permitio,internet intermitent permiti
2/21/2025 9:11:25,Felicitaci√≥n,Tr√°mite de Documentos de Gesti√≥n Escolar,Laboratorio tiempo libre,Felicitaci√≥n por la gesti√≥n de los equipos. El semestre pasado se encontraban descuidado y con m√°ximo privilegios. Hoy ya se encuentran en mejor estado y cosas como la deshabilitaci√≥n de CMD se felicita.,Unidad de Inform√°tica,Unidad de Inform√°tica,felicitacion gestion equipos semestre encontraban descuidado maximo privilegios encuentran deshabilitacion cmd felicita,"['felicitacion', 'gestion', 'equipos', 'semestre', 'encontraban', 'descuidado', 'maximo', 'privilegios', 'encuentran', 'deshabilitacion', 'cmd', 'felicita']",felicitacion gestion equipo semestre encontrar descuidar maximo privilegio encontrar deshabilitacion cmd felicita,felicit gestion equip semestr encontr descuid maxim privilegi encuentr deshabilit cmd felicit
2/21/2025 10:53:36,Sugerencia,Pr√©stamo de Equipo Inform√°tico,Laboratorio libre,Se necesita mejorar el internet ,Unidad de Tecnolog√≠a Educativa y Campus Virtual,Unidad de Inform√°tica,necesita mejorar internet,"['necesita', 'mejorar', 'internet']",necesitar mejorar internet,necesit mejor internet
2/26/2025 10:15:07,Sugerencia,Pr√©stamo de Equipo Inform√°tico,pr√©stamo de c√≥mputo ,muy bien servicio ,Unidad de Inform√°tica,Unidad de Inform√°tica,servicio,['servicio'],servicio,servici
2/26/2025 12:11:48,Felicitaci√≥n,Pr√©stamo de Equipo Inform√°tico,Pr√©stamo de equipo de computo,Felicitacion,Unidad de Inform√°tica,Unidad de Inform√°tica,felicitacion,['felicitacion'],felicitacion,felicit
2/26/2025 12:18:47,Sugerencia,Pr√©stamo de Equipo Inform√°tico,Me prestaron una computadora ,Todo bien ,Unidad de Inform√°tica,Unidad de Inform√°tica,,[],,
2/27/2025 12:02:00,Felicitaci√≥n,Pr√©stamo de Equipo Inform√°tico,Pr√©stamo de equipo de c√≥mputo ,Felicidades,Unidad de Inform√°tica,Unidad de Inform√°tica,felicidades,['felicidades'],felicidad,felic
2/27/2025 12:02:11,Felicitaci√≥n,Pr√©stamo de Equipo Inform√°tico,PR√âSTAMO DE COMPUTADORA,BIEN CUIDADAS:),Unidad de Inform√°tica,Unidad de Inform√°tica,cuidadas,['cuidadas'],cuidado,cuid
2/27/2025 12:02:11,Felicitaci√≥n,Pr√©stamo de Equipo Inform√°tico,Prestamo de equipo en aula de uso libre,Buen servicio ,Unidad de Inform√°tica,Unidad de Inform√°tica,servicio,['servicio'],servicio,servici
2/27/2025 13:27:28,Felicitaci√≥n,Servicios Bibliotecarios,Prestacion de PC,Buen servicio,Departamento de Ciencias e Ingenier√≠a de la Computaci√≥n,Depto. de Servicios Estudiantiles,servicio,['servicio'],servicio,servici
3/3/2025 13:23:45,Felicitaci√≥n,Pr√©stamo de Equipo Inform√°tico,RENTA DE M√ÅQUINA,Buenas compus,Departamento de Servicios Estudiantiles,Unidad de Inform√°tica,compus,['compus'],compus,compus
3/3/2025 15:59:47,Felicitaci√≥n,Utilizaci√≥n de equipo,Utilizar una m√°quina para hacer tarea,Buen servicio,Unidad de Inform√°tica,Unidad de Inform√°tica,servicio,['servicio'],servicio,servici
3/4/2025 11:39:41,Felicitaci√≥n,Servicio Social,Ninguno ,Ninguno ,Unidad de Inform√°tica,Unidad de Inform√°tica,,[],,
3/4/2025 11:40:47,Felicitaci√≥n,Pr√©stamo de Equipo Inform√°tico,Uso de una equipo de c√≥mputo para poder modificar un documento ,"Ninguna queja, buena atenci√≥n y el equipo en un inicio mostraba complicaciones con Word pero despu√©s funcion√≥ correctamente ",Unidad de Inform√°tica,Unidad de Inform√°tica,queja atencion equipo inicio mostraba complicaciones word despues funciono correctamente,"['queja', 'atencion', 'equipo', 'inicio', 'mostraba', 'complicaciones', 'word', 'despues', 'funciono', 'correctamente']",queja atencion equipo inicio mostrar complicaci√≥n word funciono correctamente,quej atencion equip inici mostr complic word despu funcion correct
3/4/2025 14:10:49,Felicitaci√≥n,Pr√©stamo de Equipo Inform√°tico,Uso de equipo de c√≥mputo de uso libre,Facilidad de uso,Unidad de Inform√°tica,Unidad de Inform√°tica,facilidad,['facilidad'],facilidad,facil
3/4/2025 14:27:59,Felicitaci√≥n,Sal√≥n de uso libre,Maquina prestada,Buen funci√≥n,Unidad de Inform√°tica,Unidad de Inform√°tica,funcion,['funcion'],funcion,funcion
3/4/2025 18:10:59,Felicitaci√≥n,Pr√©stamo de Equipo Inform√°tico,Pr√©stamo computadora,Todo bien,Unidad de Inform√°tica,Unidad de Inform√°tica,,[],,
3/4/2025 18:19:34,Felicitaci√≥n,Tarea,Pr√©stamo de equipo de c√≥mputo ,Ninguno,Unidad de Inform√°tica,Unidad de Inform√°tica,,[],,
3/5/2025 11:48:14,Sugerencia,Pr√©stamo de Equipo Inform√°tico,Prestamo de maquina,El mousse de la m√°quina 2 presenta problemas en el click izquierdo,Unidad de Inform√°tica,Unidad de Inform√°tica,mousse maquina 2 presenta problemas click izquierdo,"['mousse', 'maquina', '2', 'presenta', 'problemas', 'click', 'izquierdo']",mousse maquina 2 presentar problema click izquierdo,mouss maquin 2 present problem click izquierd
3/5/2025 11:58:06,Felicitaci√≥n,Gesti√≥n del Dise√±o Curricular de Programas Acad√©micos,Perfecto ,Ninguna ,Direcci√≥n,Unidad de Inform√°tica,,[],,
3/5/2025 13:29:11,Sugerencia,Tutor√≠as,Prestamo,Todo bien,Unidad de Inform√°tica,Depto. de Evaluaci√≥n y Seguimiento Acad√©mico,,[],,
3/5/2025 13:38:20,Felicitaci√≥n,Actualizaci√≥n y Capacitaci√≥n Docentes,No se,Nada ,Unidad Polit√©cnica de Integraci√≥n Social,Innovaci√≥n Educativa,,[],,
3/6/2025 8:22:44,Felicitaci√≥n,Uso de computo ,La computadora ,Muy amable ,Unidad de Inform√°tica,Unidad de Inform√°tica,amable,['amable'],amable,amabl
3/6/2025 12:04:51,Sugerencia,Gesti√≥n del Dise√±o de Programas de Estudio,Nada ,Nada ,Subdirecci√≥n de Servicios Educativos e Integraci√≥n Social,,,[],,
3/6/2025 14:57:22,Sugerencia,Concurso de Ex√°menes de Oposici√≥n de C√°tedra,Na,Na,Unidad de Inform√°tica,,na,['na'],na,na
3/7/2025 16:16:33,Queja,No se me ha atendido. ,Biblioteca ,"Hoy, 7 de marzo, pusieron un aviso de que la biblioteca estar√≠a cerrada de 2pm a 4pm. Ya son las 4:15 y a√∫n no han abierto. Quiero revisar un asunto de urgencia del SAES. ",,Depto. de Servicios Estudiantiles,7 marzo pusieron aviso biblioteca estaria cerrada 2pm 4pm 415 aun abierto quiero revisar asunto urgencia saes,"['7', 'marzo', 'pusieron', 'aviso', 'biblioteca', 'estaria', 'cerrada', '2pm', '4pm', '415', 'aun', 'abierto', 'quiero', 'revisar', 'asunto', 'urgencia', 'saes']",7 marzo poner aviso biblioteca estario cerrada 2 pm 4 pm 415 abierto querer revisar asunto urgencia saes,7 marz pus avis bibliotec estari cerr 2pm 4pm 415 aun abiert quier revis asunt urgenci saes
3/10/2025 11:49:18,Felicitaci√≥n,Gesti√≥n del Dise√±o Curricular de Programas Acad√©micos,Uso de computadora,Ninguna ,Unidad de Inform√°tica,Unidad de Inform√°tica,,[],,
3/10/2025 11:55:31,Sugerencia,Pr√©stamo de Equipo Inform√°tico,Uso de computadora de laboratorio ,La m√°quina dos le falla el click izquierdo al mouse lo cual complica un poco su uso,Unidad de Inform√°tica,Unidad de Inform√°tica,maquina falla click izquierdo mouse complica,"['maquina', 'falla', 'click', 'izquierdo', 'mouse', 'complica']",maquina falla click izquierdo mouse complicar,maquin fall click izquierd mous complic
3/10/2025 12:14:46,Felicitaci√≥n,Pr√©stamo de Equipo Inform√°tico,Pr√©stamo de computo,Excelente ,Departamento de Recursos Materiales y Servicios,Unidad de Inform√°tica,excelente,['excelente'],excelente,excelent
3/11/2025 9:16:32,Queja,Pr√©stamo de Equipo Inform√°tico,Pr√©stamo m√°quina 32,"No tiene internet, posiblemente el cable est√© trozado ya que cambie el de la 31 a la 32 y agarro el internet ",Departamento de Recursos Materiales y Servicios,Unidad de Inform√°tica,internet posiblemente cable trozado cambie 31 32 agarro internet,"['internet', 'posiblemente', 'cable', 'trozado', 'cambie', '31', '32', 'agarro', 'internet']",internet posiblemente cable trozar cambiar 31 32 agarrar internet,internet posibl cabl troz cambi 31 32 agarr internet
3/11/2025 9:16:50,Sugerencia,Pr√©stamo de Equipo Inform√°tico,Prestamo maquina 31,Estar√≠a bien poner Linux y Windows en todas las compus,Departamento de Recursos Materiales y Servicios,Unidad de Inform√°tica,estaria linux windows compus,"['estaria', 'linux', 'windows', 'compus']",estario linux windows compus,estari linux windows compus
3/11/2025 15:57:55,Sugerencia,Pr√©stamo de Equipo Inform√°tico,Prestamo de equipo de computo,"El servicio se llevo correctamente
Como unico problema mencionaria que las aplicaciones de adobe e internet explorer se quedaron congeladas y fui capaz de cerrarlas Al estar bloqueado El administrador de tareas",Unidad de Tecnolog√≠a Educativa y Campus Virtual,Unidad de Inform√°tica,servicio llevo correctamente unico problema mencionaria aplicaciones adobe internet explorer quedaron congeladas capaz cerrarlas bloqueado administrador tareas,"['servicio', 'llevo', 'correctamente', 'unico', 'problema', 'mencionaria', 'aplicaciones', 'adobe', 'internet', 'explorer', 'quedaron', 'congeladas', 'capaz', 'cerrarlas', 'bloqueado', 'administrador', 'tareas']",servicio llevar correctamente unico problema mencionaria aplicaci√≥n adobe internet explorer quedar congelada capaz cerrarla bloquear administrador tarea,servici llev correct unic problem mencionari aplic adob internet explor qued congel capaz cerr bloqu administr tar
3/12/2025 12:01:45,Felicitaci√≥n,Gesti√≥n del Dise√±o Curricular de Programas Acad√©micos,Ninguno ,Ninguna ,Direcci√≥n,Innovaci√≥n Educativa,,[],,
3/12/2025 13:32:20,Felicitaci√≥n,Inscripci√≥n,Uso de equipo ,Felicitaci√≥n por el uso del equipo ,Departamento de Ciencias e Ingenier√≠a de la Computaci√≥n,Unidad de Inform√°tica,felicitacion equipo,"['felicitacion', 'equipo']",felicitacion equipo,felicit equip
3/13/2025 11:46:52,Felicitaci√≥n,Pr√©stamo de Equipo Inform√°tico,Computadora ,Bien,Unidad de Inform√°tica,Unidad de Inform√°tica,,[],,
3/14/2025 10:14:11,Felicitaci√≥n,Pr√©stamo de Equipo Inform√°tico,Prestamo,Todo bn,Unidad de Inform√°tica,Unidad de Inform√°tica,bn,['bn'],bn,bn
3/14/2025 11:42:12,Felicitaci√≥n,Pr√©stamo de Equipo Inform√°tico,Pr√©stamo tiempo libre,Buenos equipos de c√≥mputo ,Unidad de Inform√°tica,Unidad de Inform√°tica,equipos computo,"['equipos', 'computo']",equipo computo,equip comput
3/14/2025 13:56:28,Felicitaci√≥n,Pr√©stamo de Equipo Inform√°tico,Pr√©stamo de equipo de computo,Todo muy bien,Unidad de Inform√°tica,Unidad de Inform√°tica,,[],,
3/14/2025 15:02:11,Felicitaci√≥n,Uso de laboratorios ,Presto de laboratorio ,"Muy bien equipo, internet y cuenta con los programas que necesito",Unidad de Inform√°tica,Unidad de Inform√°tica,equipo internet programas necesito,"['equipo', 'internet', 'programas', 'necesito']",equipo internet programa necesitar,equip internet program necesit
3/18/2025 11:48:51,Felicitaci√≥n,Pr√©stamo de Equipo Inform√°tico,Prestamo,Todo bn,Unidad de Inform√°tica,Unidad de Inform√°tica,bn,['bn'],bn,bn
3/18/2025 11:53:15,Sugerencia,Pr√©stamo de Equipo Inform√°tico,Computadora,No tienen Ubuntu.,Unidad de Inform√°tica,Unidad de Inform√°tica,ubuntu,['ubuntu'],ubuntu,ubuntu
3/19/2025 11:43:02,Felicitaci√≥n,Pr√©stamo de Equipo Inform√°tico,Una computadora ,Muy buen servicio ,Unidad de Inform√°tica,Unidad de Inform√°tica,servicio,['servicio'],servicio,servici
3/19/2025 11:43:17,Felicitaci√≥n,Pr√©stamo de Equipo Inform√°tico,Una computadora ,Felicitaci√≥n por mantener los equipos en buen estado,Unidad de Inform√°tica,Unidad de Inform√°tica,felicitacion mantener equipos,"['felicitacion', 'mantener', 'equipos']",felicitacion mantener equipo,felicit manten equip
3/19/2025 11:58:28,Felicitaci√≥n,Gesti√≥n del Dise√±o Curricular de Programas Acad√©micos,Ninguno,Ninguna ,Direcci√≥n,Unidad de Inform√°tica,,[],,
3/20/2025 13:31:03,Felicitaci√≥n,Pr√©stamo de Equipo Inform√°tico,Computadora ,Felicitaciones ,Unidad de Inform√°tica,Unidad de Inform√°tica,felicitaciones,['felicitaciones'],felicitaci√≥n,felicit
3/20/2025 13:31:40,Felicitaci√≥n,Gesti√≥n para las Pr√°cticas y/o Visitas Escolares,.,.,,Depto. de Evaluaci√≥n y Seguimiento Acad√©mico,,[],,
3/20/2025 15:21:48,Felicitaci√≥n,Gesti√≥n del Dise√±o Curricular de Programas Acad√©micos,Prestacion de equipo,Ninguna,Direcci√≥n,Unidad de Inform√°tica,,[],,
3/21/2025 14:54:13,Felicitaci√≥n,Pr√©stamo de Equipo Inform√°tico,Compus,Felicitacion,Departamento de Ciencias e Ingenier√≠a de la Computaci√≥n,Unidad de Inform√°tica,felicitacion,['felicitacion'],felicitacion,felicit
3/27/2025 9:15:38,Felicitaci√≥n,Pr√©stamo de Equipo Inform√°tico,Ninguno ,Ninguno ,Unidad de Inform√°tica,Unidad de Inform√°tica,,[],,
3/28/2025 14:47:26,Felicitaci√≥n,Uso lab,Prestamo de laboratorio ,Pr√©stamo lab,Unidad de Inform√°tica,Unidad de Inform√°tica,prestamo lab,"['prestamo', 'lab']",prestamo lab,prestam lab
3/28/2025 14:48:20,Sugerencia,Laboratorio ,Laboratorio ,Ninguna,Unidad de Inform√°tica,Unidad de Inform√°tica,,[],,
4/2/2025 12:02:52,Felicitaci√≥n,Gesti√≥n del Dise√±o Curricular de Programas Acad√©micos,Ys,Jw,Direcci√≥n,,jw,['jw'],jw,jw
4/4/2025 11:59:07,Felicitaci√≥n,Gesti√≥n del Dise√±o Curricular de Programas Acad√©micos,Yeye,6363,Subdirecci√≥n de Servicios Educativos e Integraci√≥n Social,Innovaci√≥n educativa,6363,['6363'],6363,6363
4/4/2025 12:11:59,Felicitaci√≥n,Gesti√≥n del Dise√±o Curricular de Programas Acad√©micos,Laboratoire heoa libre,Todo bien,Direcci√≥n,Innovaci√≥n educativa,,[],,
4/7/2025 13:41:27,Felicitaci√≥n,Pr√©stamo de Equipo Inform√°tico,Computadoras,Ninguna ,Unidad de Inform√°tica,Unidad de inform√°tica,,[],,
4/8/2025 12:32:54,Sugerencia,Uso de equipo de c√≥mputo ,Uso de equipo,"Me gust√≥, las computadoras est√°n bien, los perif√©ricos pero el Mouse a veces falla de la ruedita ",Unidad de Inform√°tica,Unidad de Inform√°tica,gusto computadoras perifericos mouse falla ruedita,"['gusto', 'computadoras', 'perifericos', 'mouse', 'falla', 'ruedita']",gusto computadora periferico mouse falla ruedita,gust comput perifer mous fall ruedit
4/9/2025 8:22:04,Felicitaci√≥n,Gesti√≥n del Dise√±o Curricular de Programas Acad√©micos,Ud,Jdjd,Direcci√≥n,Innovaci√≥n educativa,jdjd,['jdjd'],jdjd,jdjd
4/11/2025 15:01:14,Felicitaci√≥n,Lab,Prestamo,Felicidades ,Unidad de Inform√°tica,Unidad de Inform√°tica,felicidades,['felicidades'],felicidad,felic
4/14/2025 12:36:54,Felicitaci√≥n,Gesti√≥n del Dise√±o Curricular de Programas Acad√©micos,Todo bien,Gracias,Direcci√≥n,Innovaci√≥n educativa,gracias,['gracias'],gracias,graci
4/14/2025 13:12:19,Felicitaci√≥n,Pr√©stamo de Equipo Inform√°tico,Uso libre de PC,El servicio estuvo bien,Unidad de Inform√°tica,Unidad de Inform√°tica,servicio,['servicio'],servicio,servici
4/15/2025 14:55:30,Felicitaci√≥n,Pr√©stamo de Equipo Inform√°tico,Pr√©stamo de equipo de computo (lab de uso libre),Ha mejorado el rendimiento de m√°s computadoras,Unidad de Inform√°tica,Unidad de Inform√°tica,mejorado rendimiento mas computadoras,"['mejorado', 'rendimiento', 'mas', 'computadoras']",mejorado rendimiento computadora,mejor rendimient mas comput
4/15/2025 15:09:01,Felicitaci√≥n,Gesti√≥n de la Movilidad Acad√©mica,Comparaci√≥n de materias del mapa curricular con materias en la instituci√≥n destino,"El tr√°mite fue sencillo, me atendieron con una buena actitud y muy comprensivos y directos, totalmente satisfecho por la ayuda otorgada ya que me han ayudado a otorgar soluciones de acuerdo a mi situaci√≥n.",Departamento de Innovaci√≥n Educativa,Unidad Polit√©cnica de Integraci√≥n Social,tramite sencillo atendieron actitud comprensivos directos totalmente satisfecho ayuda otorgada ayudado otorgar soluciones acuerdo situacion,"['tramite', 'sencillo', 'atendieron', 'actitud', 'comprensivos', 'directos', 'totalmente', 'satisfecho', 'ayuda', 'otorgada', 'ayudado', 'otorgar', 'soluciones', 'acuerdo', 'situacion']",tramite sencillo atender actitud comprensivo directo totalmente satisfecho ayuda otorgado ayudar otorgar soluci√≥n situacion,tramit sencill atend actitud comprens direct total satisfech ayud otorg ayud otorg solucion acuerd situacion
4/16/2025 9:06:12,Felicitaci√≥n,Pr√©stamo de Equipo Inform√°tico,Pr√©stamo de una computadora ,Todo bien,Unidad de Inform√°tica,Unidad de Inform√°tica,,[],,
4/30/2025 11:52:30,Felicitaci√≥n,Gesti√≥n del Dise√±o Curricular de Programas Acad√©micos,Ninguno ,Ninguno ,Direcci√≥n,Innovaci√≥n educativa,,[],,
4/30/2025 13:55:07,Sugerencia,Pr√©stamo de Equipo Inform√°tico,Computadora ,Todo bien,Unidad de Inform√°tica,Unidad de Inform√°tica,,[],,
4/30/2025 14:48:22,Felicitaci√≥n,Pr√©stamo de Equipo Inform√°tico,Acceso al laboratorio de uso libre,Muy buen servicio,Unidad de Inform√°tica,Unidad de Inform√°tica,servicio,['servicio'],servicio,servici
4/30/2025 14:56:33,Felicitaci√≥n,Pr√©stamo de Equipo Inform√°tico,Bien,Ninguna,Unidad de Inform√°tica,Unidad de Inform√°tica,,[],,
5/8/2025 10:12:11,Queja,Actividades Culturales y/o Deportivas,Horarios e informaci√≥n sobre actividades deportivas ,"La mayor√≠a de los horarios y d√≠as sobre las actividades deportivas est√°n mal 
",,Departamento de Servicios Estudiantiles,mayoria horarios dias actividades deportivas mal,"['mayoria', 'horarios', 'dias', 'actividades', 'deportivas', 'mal']",mayoria horario actividad deportiva,mayori horari dias activ deport mal
5/9/2025 14:57:31,Felicitaci√≥n,Laboratorio ,Pr√©stamo lab,Buenas maquinas ,Unidad de Inform√°tica,Unidad de Inform√°tica,maquinas,['maquinas'],maquina,maquin
5/9/2025 14:58:42,Felicitaci√≥n,Tutor√≠as,Ni hay,Felitqcion,,Departamento de evaluaci√≥n y seguimiento acad√©mico,felitqcion,['felitqcion'],felitqcion,felitqcion
5/20/2025 14:53:17,Felicitaci√≥n,Pr√©stamo de laboratorio,Pr√©stamo de laboratorio ,Buenas maquinas y conexion a internet ,Unidad de Inform√°tica,Unidad de Inform√°tica,maquinas conexion internet,"['maquinas', 'conexion', 'internet']",maquina conexion internet,maquin conexion internet
5/21/2025 12:11:13,Felicitaci√≥n,Planeaci√≥n Did√°ctica,Computadora ,Buena coordinaci√≥n ,Unidad de Inform√°tica,Unidad de Inform√°tica,coordinacion,['coordinacion'],coordinacion,coordin
5/21/2025 12:11:26,Felicitaci√≥n,Pr√©stamo de computo ,Todo good,Felicidades ,Unidad de Inform√°tica,Unidad de Inform√°tica,felicidades,['felicidades'],felicidad,felic
5/21/2025 12:12:07,Felicitaci√≥n,Computadora ,Solicitaci√≥n de computadora ,Felicitaciones ,Unidad de Inform√°tica,Unidad de Inform√°tica,felicitaciones,['felicitaciones'],felicitaci√≥n,felicit
5/27/2025 13:34:31,Felicitaci√≥n,Servicios Bibliotecarios,Laboratorio ,Equipo funcional ,Unidad Polit√©cnica de Integraci√≥n Social,Departamento de Servicios Estudiantiles,equipo funcional,"['equipo', 'funcional']",equipo funcional,equip funcional
8/25/2025 11:36:20,Sugerencia,Actividades Culturales y/o Deportivas,Gimnasio al aire libre ,Que no sea al aire libre,Unidad de Tecnolog√≠a Educativa y Campus Virtual,Actividades Culturales y/o Deportivas,aire libre,"['aire', 'libre']",aire libre,air libr
8/25/2025 11:35:30,Sugerencia,Gesti√≥n del Dise√±o Curricular de Programas Acad√©micos,Cambio de salones ,El cambio de salones que hicieron est√° horrible ,Direcci√≥n,Departamento de Evaluaci√≥n y Seguimiento Acad√©mico,cambio salones horrible,"['cambio', 'salones', 'horrible']",cambio sal√≥n horrible,cambi salon horribl
8/25/2025 11:36:20,Sugerencia,Log√≠stica en distribuci√≥n de salones,Distribuci√≥n de salones,La distribuci√≥n de salones de este semestre es confusa,Direcci√≥n,Departamento de Evaluaci√≥n y Seguimiento Acad√©mico,distribucion salones semestre confusa,"['distribucion', 'salones', 'semestre', 'confusa']",distribucion sal√≥n semestre confuso,distribucion salon semestr confus
8/25/2025 11:36:32,Queja,Gesti√≥n del Dise√±o Curricular de Programas Acad√©micos,Cambio de salones ,"Muy mal cambio, innecesario andar buscando salones en otros edificios y movi√©ndose de pisos ",Departamento de Extensi√≥n y Apoyos Educativos,Departamento de Evaluaci√≥n y Seguimiento Acad√©mico,mal cambio innecesario andar buscando salones edificios moviendose pisos,"['mal', 'cambio', 'innecesario', 'andar', 'buscando', 'salones', 'edificios', 'moviendose', 'pisos']",cambio innecesario andar buscar sal√≥n edificio mover √©l piso,mal cambi innecesari andar busc salon edifici mov pis
8/26/2025 11:25:50,Sugerencia,Revisi√≥n de actividades,Acud√≠ para la revisi√≥n de mi evaluaci√≥n y se me dificult√≥ encontrar al profesor,Facilitar la informaci√≥n sobre qu√© cub√≠culos est√°n asignados y a qu√© profesor pertenece cada cub√≠culo,Departamento de Formaci√≥n B√°sica,Departamento de Evaluaci√≥n y Seguimiento Acad√©mico,facilitar informacion cubiculos asignados profesor pertenece cubiculo,"['facilitar', 'informacion', 'cubiculos', 'asignados', 'profesor', 'pertenece', 'cubiculo']",facilitar informacion cubiculo asignar profesor pertenecer cubiculo,facilit inform cubicul asign profesor pertenec cubicul
8/26/2025 13:29:15,Queja,Gesti√≥n de la Encuesta del Desempe√±o Docente,Evaluaci√≥n Docente,"No parece haber un inter√©s en las encuestas, se sabe de profesores que no ense√±an bien o que de plano no ense√±an y pese a las m√∫ltiples encuestas, la escuela sigue asign√°ndoles muchos grupos. ",Departamento de Gesti√≥n Escolar,Departamento de Evaluaci√≥n y Seguimiento Acad√©mico,interes encuestas profesores ense√±an plano ense√±an pese multiples encuestas escuela asignandoles grupos,"['interes', 'encuestas', 'profesores', 'ense√±an', 'plano', 'ense√±an', 'pese', 'multiples', 'encuestas', 'escuela', 'asignandoles', 'grupos']",inter encuesta profesor ense√±ar plano ense√±ar pese multiples encuesta escuela asignandol grupo,inter encuest profesor ense√± plan ense√± pes multipl encuest escuel asign grup
8/25/2025 11:33:05,Felicitaci√≥n,Gesti√≥n de la Titulaci√≥n Profesional,Procedimiento eficiente ,Felicitaci√≥n por la facilitaci√≥n del proceso y eficiencia,Subdirecci√≥n de Servicios Educativos e Integraci√≥n Social,Departamento de Extensi√≥n y Apoyos Educativos,felicitacion facilitacion proceso eficiencia,"['felicitacion', 'facilitacion', 'proceso', 'eficiencia']",felicitacion facilitacion proceso eficiencia,felicit facilit proces eficient
8/26/2025 11:22:24,Sugerencia,Apoyo extraordinario,Tiempo del apoyo,Finaliz√≥ el semestre y no hab√≠an realizado la dispersi√≥n de fondos ,Departamento de Extensi√≥n y Apoyos Educativos,Departamento de Extensi√≥n y Apoyos Educativos,finalizo semestre habian dispersion fondos,"['finalizo', 'semestre', 'habian', 'dispersion', 'fondos']",finalizo semestre habian dispersion fondo,finaliz semestr habi dispersion fond
8/26/2025 11:23:27,Sugerencia,Apoyo extraordinario,Apoyo extraordinario ,Dispersi√≥n de apoyo extraordinario despues del terminal el ciclo escolar,Departamento de Extensi√≥n y Apoyos Educativos,Departamento de Extensi√≥n y Apoyos Educativos,dispersion apoyo extraordinario despues terminal ciclo escolar,"['dispersion', 'apoyo', 'extraordinario', 'despues', 'terminal', 'ciclo', 'escolar']",dispersion apoyo extraordinario terminal ciclo escolar,dispersion apoy extraordinari despu terminal cicl escol
8/25/2025 11:38:08,Felicitaci√≥n,Servicio Social,inscripci√≥n como tutor en el taller de nivelaci√≥n,"El proceso fue llevado a cabo de manera pr√°ctica y eficiente. La descripci√≥n del taller por parte de la profesora Elsa fue muy clara, en general ya hecho un excelente trabajo desde que se le asign√≥ la jefatura de formaci√≥n b√°sica ",Departamento de Formaci√≥n B√°sica,Departamento de Formaci√≥n B√°sica,proceso llevado cabo practica eficiente descripcion taller profesora elsa clara general excelente asigno jefatura formacion basica,"['proceso', 'llevado', 'cabo', 'practica', 'eficiente', 'descripcion', 'taller', 'profesora', 'elsa', 'clara', 'general', 'excelente', 'asigno', 'jefatura', 'formacion', 'basica']",proceso llevar cabo practicar eficiente descripcion taller profesorar elsar claro general excelente asigno jefatura formacion basico,proces llev cab practic eficient descripcion tall profesor elsa clar general excelent asign jefatur formacion basic
8/26/2025 11:22:07,Felicitaci√≥n,Control de Informaci√≥n Documentada,TT ,Buen servicio ,Departamento de Formaci√≥n Integral e Institucional (La CATT es parte de este Depto.),Departamento de Formaci√≥n Integral e Institucional (La CATT es parte de este Depto.),servicio,['servicio'],servicio,servici
6/25/2025 13:00:20,Felicitaci√≥n,Gesti√≥n de la Acreditaci√≥n de Programas Acad√©micos,Nada,Encuesta equivocada ,Departamento de Gesti√≥n Escolar,Departamento de Gesti√≥n Escolar,encuesta equivocada,"['encuesta', 'equivocada']",encuesta equivocar,encuest equivoc
7/3/2025 18:55:38,Felicitaci√≥n,Dictamen de baja por cambio de carrera,Dictamen de baja por cambio de carrera y dictamen de cambio de carrera a escom,"QUIERO FELICITAR A YADHIRA DE GESTION ESCOLAT AUE EL DIA DE HOY ME ATENDIO EN LA VENTANILLA Y FUE MUY AMABLE Y ATENTA, ME SOLUCIONO MI SOLICITUD CON UNA EXCELENTE ACTITUD. ENHORABUENA, DESEO QUE LOS DEMAS ADMINISTRATIVOS ME ATENDIESEN COMO ELLA LO HIZO",Departamento de Gesti√≥n Escolar,Departamento de Gesti√≥n Escolar,quiero felicitar yadhira gestion escolat aue dia atendio ventanilla amable atenta soluciono solicitud excelente actitud enhorabuena deseo demas administrativos atendiesen,"['quiero', 'felicitar', 'yadhira', 'gestion', 'escolat', 'aue', 'dia', 'atendio', 'ventanilla', 'amable', 'atenta', 'soluciono', 'solicitud', 'excelente', 'actitud', 'enhorabuena', 'deseo', 'demas', 'administrativos', 'atendiesen']",querer felicitar yadhira gestion escolat aue atendio ventanilla amable atentar soluciono solicitud excelente actitud enhorabuena desear demas administrativo atender,quier felicit yadhir gestion escolat aue dia atendi ventanill amabl atent solucion solicitud excelent actitud enhorabuen dese dem administr atend
8/25/2025 11:32:08,Felicitaci√≥n,Reinscripci√≥n,Apoyo de reinscripcion ,Todo muy bien ,Departamento de Gesti√≥n Escolar,Departamento de Gesti√≥n Escolar,,[],,
8/25/2025 11:33:43,Felicitaci√≥n,Reinscripci√≥n,Apoyo en la reinscripci√≥n de materias,Servicio r√°pido y atento,Departamento de Gesti√≥n Escolar,Departamento de Gesti√≥n Escolar,servicio rapido atento,"['servicio', 'rapido', 'atento']",servicio rapir atento,servici rap atent
8/25/2025 11:35:09,Felicitaci√≥n,Reinscripci√≥n,Informaci√≥n sobre informaci√≥n de desfase ,Felicitacion buena informaci√≥n ,Departamento de Gesti√≥n Escolar,Departamento de Gesti√≥n Escolar,felicitacion informacion,"['felicitacion', 'informacion']",felicitacion informacion,felicit inform
8/25/2025 11:38:52,Felicitaci√≥n,Inscripci√≥n,Inscripci√≥n,Muy buena la administraci√≥n ,Unidad de Tecnolog√≠a Educativa y Campus Virtual,Departamento de Gesti√≥n Escolar,administracion,['administracion'],administracion,administr
8/25/2025 11:41:27,Sugerencia,Reinscripci√≥n,Cupos,Pongan m√°s cupos para los regulares,Departamento de Gesti√≥n Escolar,Departamento de Gesti√≥n Escolar,pongan mas cupos regulares,"['pongan', 'mas', 'cupos', 'regulares']",poner cupo regular,pong mas cup regular
8/25/2025 11:41:58,Queja,Inscripci√≥n,Inscribirme ,Errores masivos para inscripci√≥n ,Departamento de Gesti√≥n Escolar,Departamento de Gesti√≥n Escolar,errores masivos inscripcion,"['errores', 'masivos', 'inscripcion']",error masivo inscripcion,error masiv inscripcion
8/25/2025 11:42:06,Queja,Tr√°mite de Documentos de Gesti√≥n Escolar,Los tr√°mites de constancias son muy lentos,Queja,Unidad de Tecnolog√≠a Educativa y Campus Virtual,Departamento de Gesti√≥n Escolar,queja,['queja'],queja,quej
8/26/2025 11:14:37,Sugerencia,Reinscripci√≥n,reinscripci√≥n,Hay problemas de horario al momento de la reinscripci√≥n,Departamento de Gesti√≥n Escolar,Departamento de Gesti√≥n Escolar,problemas horario reinscripcion,"['problemas', 'horario', 'reinscripcion']",problema horario reinscripcion,problem horari reinscripcion
8/26/2025 11:24:59,Sugerencia,Tr√°mite de Documentos de Gesti√≥n Escolar,Constancia de inscripci√≥n y constancia de estudios ,"Ped√≠ constancia de estudios y de inscripci√≥n, y no me deja bajarlas del Saes ",Departamento de Gesti√≥n Escolar,Departamento de Gesti√≥n Escolar,pedi constancia estudios inscripcion deja bajarlas saes,"['pedi', 'constancia', 'estudios', 'inscripcion', 'deja', 'bajarlas', 'saes']",pedi constancia estudio inscripcion dejar bajarla saes,pedi constanci estudi inscripcion dej baj saes
8/26/2025 11:54:09,Sugerencia,Reinscripci√≥n,Inscripci√≥n de unidades de aprendizaje ,Deber√≠an de verificar el sistema de citas ya que tuve un problema con mi reinscripci√≥n y no perd√≠ cupo en una materia ,Subdirecci√≥n Acad√©mica,Departamento de Gesti√≥n Escolar,deberian verificar sistema citas problema reinscripcion perdi cupo materia,"['deberian', 'verificar', 'sistema', 'citas', 'problema', 'reinscripcion', 'perdi', 'cupo', 'materia']",deberian verificar sistema cita problema reinscripcion perdi cupo materia,deberi verific sistem cit problem reinscripcion perdi cup materi
8/26/2025 16:20:00,Felicitaci√≥n,Tr√°mite de Documentos de Gesti√≥n Escolar,Pedir el FUA,"Fue muy r√°pido el proceso y fue amable la persona que me atendi√≥, incluso me ayud√≥ ya que no ten√≠a tanto tiempo para entregar el FUA",Departamento de Gesti√≥n Escolar,Departamento de Gesti√≥n Escolar,rapido proceso amable persona atendio ayudo tenia entregar fua,"['rapido', 'proceso', 'amable', 'persona', 'atendio', 'ayudo', 'tenia', 'entregar', 'fua']",rapir proceso amable persona atendio ayudo tenia entregar fua,rap proces amabl person atendi ayud teni entreg fua
8/26/2025 18:21:56,Queja,Tr√°mite de Documentos de Gesti√≥n Escolar,Constancia de estudios para refrendo de beca,El que me atendi√≥ en gesti√≥n escolar se port√≥ de manera grosera e incompetente tomando como prioridad su superioridad,Subdirecci√≥n Acad√©mica,Departamento de Gesti√≥n Escolar,atendio gestion escolar porto grosera incompetente tomando prioridad superioridad,"['atendio', 'gestion', 'escolar', 'porto', 'grosera', 'incompetente', 'tomando', 'prioridad', 'superioridad']",atendio gestion escolar porto grosero incompetente tomar prioridad superioridad,atendi gestion escol port groser incompetent tom priorid superior
7/11/2025 18:06:07,Felicitaci√≥n,Gesti√≥n de la Movilidad Acad√©mica,"Seguimiento de llenado de nuestros documentos faltantes para realizar una correcta movilidad acad√©mica, en nuestro caso PROMAN. De modo que nos brind√≥ su apoyo para saber qu√© materias son revalidables en este procedimiento. Adem√°s de darnos consejos y soluci√≥n a dudas propuestas de este mismo procedimiento.","Mucha paciencia y atenci√≥n incre√≠ble por su parte, qued√≥ muy agradecido con el Maestro Efr√©n!",Departamento de Innovaci√≥n Educativa,Departamento de Innovaci√≥n Educativa,paciencia atencion increible quedo agradecido maestro efren,"['paciencia', 'atencion', 'increible', 'quedo', 'agradecido', 'maestro', 'efren']",paciencia atencion increible quedo agradecido maestro efren,pacienci atencion increibl qued agradec maestr efren
8/25/2025 11:35:47,Felicitaci√≥n,Gesti√≥n del Dise√±o de Programas de Estudio,Muy bien logrado el dise√±o de programas de estudio,Pienso que est√° muy bien el dise√±o de programas,Direcci√≥n,Departamento de Innovaci√≥n Educativa,pienso dise√±o programas,"['pienso', 'dise√±o', 'programas']",pensar dise√±o programa,piens dise√± program
8/25/2025 11:31:38,Felicitaci√≥n,Planeaci√≥n Did√°ctica,Administraci√≥n Financiera,Mosso es bastante atento,Direcci√≥n,Direcci√≥n,mosso atento,"['mosso', 'atento']",mosso atento,moss atent
8/25/2025 11:35:17,Felicitaci√≥n,Por un buen trabajo,Ayuda general,Muy buen trabajo,Direcci√≥n,Direcci√≥n,,[],,
8/25/2025 11:42:11,Sugerencia,Ate   nci√≥n ,Atenci√≥n Escolar ,Consultoria mejor guiada a los estudiantes para ser participe en las elecciones escolares ,Unidad de Tecnolog√≠a Educativa y Campus Virtual,Direcci√≥n,consultoria guiada estudiantes participe elecciones escolares,"['consultoria', 'guiada', 'estudiantes', 'participe', 'elecciones', 'escolares']",consultoria guiada estudiante participe elecci√≥n escolar,consultori gui estudi particip eleccion escolar
8/25/2025 18:34:53,Sugerencia,Tr√°mite de Documentos de Gesti√≥n Escolar,Cambio de carrera,Mi felicitacion es al profesor mosso que cuando tuve problemas con mi papeleo en el cambio de carrera me ayudo a completar este procedimiento.,Direcci√≥n,Direcci√≥n,felicitacion profesor mosso problemas papeleo cambio carrera ayudo completar procedimiento,"['felicitacion', 'profesor', 'mosso', 'problemas', 'papeleo', 'cambio', 'carrera', 'ayudo', 'completar', 'procedimiento']",felicitacion profesor mosso problema papeleo cambio carrera ayudo completar procedimiento,felicit profesor moss problem papele cambi carrer ayud complet proced
8/27/2025 10:11:37,Felicitaci√≥n,Gesti√≥n del Dise√±o Curricular de Programas Acad√©micos,. ,.,Direcci√≥n,Direcci√≥n,,[],,
8/25/2025 11:35:30,Sugerencia,Adjudicaci√≥n Directa de Materiales y/o Servicios,-,Poner cortinas en otros salones,Subdirecci√≥n Administrativa,Recursos Materiales y Servicios Generales,cortinas salones,"['cortinas', 'salones']",cortina sal√≥n,cortin salon
8/25/2025 11:36:55,Felicitaci√≥n,Mantenimiento de la Infraestructura F√≠sica,Actividad,Las instalaciones est√°n muy bien cuidadas,Unidad de Tecnolog√≠a Educativa y Campus Virtual,Recursos Materiales y Servicios Generales,instalaciones cuidadas,"['instalaciones', 'cuidadas']",instalaci√≥n cuidado,instal cuid
8/26/2025 11:23:05,Sugerencia,Reinscripci√≥n,Inscribir materias,"Siento que ser√≠a buena idea que dejaran inscribir materias del semestre en el que est√°s, es dexir aunque estes cursando materias dejaran 5to te dejaran meter de 8vo si ese es tu semestre (pero solo cuando sea una materia del semestre m√°s bajo) ",Departamento de Gesti√≥n Escolar,Subdirecci√≥n Acad√©mica,siento seria idea dejaran inscribir materias semestre dexir estes cursando materias dejaran 5to dejaran meter 8vo semestre materia semestre mas,"['siento', 'seria', 'idea', 'dejaran', 'inscribir', 'materias', 'semestre', 'dexir', 'estes', 'cursando', 'materias', 'dejaran', '5to', 'dejaran', 'meter', '8vo', 'semestre', 'materia', 'semestre', 'mas']",sentir serio idea dejar inscribir materia semestre dexir estes cursar materia dejar 5to dejar meter 8vo semestre materia semestre,sient seri ide dej inscrib materi semestr dex estes curs materi dej 5to dej met 8vo semestr materi semestr mas
8/26/2025 11:23:23,Sugerencia,Reinscripci√≥n,Pocos grupos para IA a partir de tercer semestre,"Muchos de mis compa√±eros luego se quedan sin grupo a pesar de que tienen un promedio arriba de 8, porque se acaban muy rapido los pocos lugares, m√°s en la ma√±ana ya que hay ciertos compa√±eros que no tienen la posibilidad de ir en la tarde por sus trabajos.

Tambi√©n siempre que nos reinscribimos aparecen varios profesor como ""sin asignar"" al momento de hacer nuestro horario.",Subdirecci√≥n Acad√©mica,Subdirecci√≥n Acad√©mica,compa√±eros quedan grupo promedio 8 acaban rapido lugares mas ma√±ana compa√±eros posibilidad tarde trabajos tambien reinscribimos aparecen profesor asignar horario,"['compa√±eros', 'quedan', 'grupo', 'promedio', '8', 'acaban', 'rapido', 'lugares', 'mas', 'ma√±ana', 'compa√±eros', 'posibilidad', 'tarde', 'trabajos', 'tambien', 'reinscribimos', 'aparecen', 'profesor', 'asignar', 'horario']",compa√±ero quedar grupo promedio 8 acabar rapir lugar ma√±ana compa√±ero posibilidad trabajo reinscribir aparecer profesor asignar horario,compa√±er qued grup promedi 8 acab rap lugar mas ma√±an compa√±er posibil tard trabaj tambi reinscrib aparec profesor asign horari
8/26/2025 21:06:11,Queja,Gesti√≥n del Dise√±o de Programas de Estudio,Actividad,deben de haber m√°s grupos y opciones para ia y lcd,Unidad de Tecnolog√≠a Educativa y Campus Virtual,Subdirecci√≥n Acad√©mica,mas grupos opciones ia lcd,"['mas', 'grupos', 'opciones', 'ia', 'lcd']",grupo opci√≥n ia lcd,mas grup opcion ia lcd
8/26/2025 11:23:02,Queja,Cafeter√≠as ,Cafeter√≠as de la escuela ,"Queja sobre las cafeter√≠as que no ofrecen buenos productos ni alimentos, por lo que muchos optan por comida fuera m√°s costosa, me gustar√≠a que se pudiera armar como en otras escuelas un comedor comunitario? No s√© si sea el nombre pero para que tengan buena comida y a precio accesible √∫nicamente para estudiantes o que se de un descuento por estudiante ",Unidad de Tecnolog√≠a Educativa y Campus Virtual,Subdirecci√≥n Administrativa,queja cafeterias ofrecen productos alimentos optan comida mas costosa gustaria pudiera armar escuelas comedor comunitario nombre comida precio accesible unicamente estudiantes descuento estudiante,"['queja', 'cafeterias', 'ofrecen', 'productos', 'alimentos', 'optan', 'comida', 'mas', 'costosa', 'gustaria', 'pudiera', 'armar', 'escuelas', 'comedor', 'comunitario', 'nombre', 'comida', 'precio', 'accesible', 'unicamente', 'estudiantes', 'descuento', 'estudiante']",queja cafeterias ofrecer producto alimento optar comida costoso gustario poder armar escuela comedor comunitario nombre comida precio accesible unicamente estudiante descuento estudiante,quej cafeteri ofrec product aliment optan com mas costos gustari pud armar escuel comedor comunitari nombr com preci acces unic estudi descuent estudi
6/5/2025 12:05:11,Felicitaci√≥n,Servicios Bibliotecarios,Ninguno ,Ninguna ,Unidad de Inform√°tica,UDI,,[],,
6/12/2025 13:33:51,Felicitaci√≥n,Pr√©stamo de Equipo Inform√°tico,Pr√©stamo de equipo  de c√≥mputo en buen estado ,Se me atendi√≥ de la mejor manera ,Unidad de Inform√°tica,UDI,atendio,['atendio'],atendio,atendi
6/13/2025 12:02:35,Felicitaci√≥n,Pr√©stamo de Equipo Inform√°tico,Conputadora,Buena atenci√≥n,Unidad de Inform√°tica,UDI,atencion,['atencion'],atencion,atencion
6/13/2025 12:02:42,Felicitaci√≥n,Pr√©stamo de equipo informatico,Uso de equipo informatico,Todo bien,Departamento de Servicios Estudiantiles,UDI,,[],,
6/13/2025 13:21:15,Felicitaci√≥n,Computadoras ,Pr√©stamo ,Todo bien,Unidad de Inform√°tica,UDI,,[],,
6/20/2025 13:28:28,Sugerencia,Gesti√≥n del Dise√±o de Programas de Estudio,Computadora,Agregar m√°s programas ,Departamento de Formaci√≥n B√°sica,UDI,agregar mas programas,"['agregar', 'mas', 'programas']",agregar programa,agreg mas program
6/25/2025 13:01:16,Felicitaci√≥n,Pr√©stamo de Equipo Inform√°tico,Buenos ,"Felicitacion, atienden bien ",Unidad de Inform√°tica,UDI,felicitacion atienden,"['felicitacion', 'atienden']",felicitacion atender,felicit atiend
6/25/2025 13:36:06,Felicitaci√≥n,Control de Informaci√≥n Documentada,‚Ä¶.,Ninguna ,Unidad de Inform√°tica,UDI,,[],,
7/2/2025 11:09:52,Felicitaci√≥n,Pr√©stamo de Equipo Inform√°tico,Uso de equipo,Muy buena atenci√≥n ,Unidad de Inform√°tica,UDI,atencion,['atencion'],atencion,atencion
7/2/2025 14:14:09,Felicitaci√≥n,Pr√°cticas Acad√©micas de Laboratorios y Talleres,Uso de computo ,Todo bien ,Departamento de Extensi√≥n y Apoyos Educativos,UDI,,[],,
7/18/2025 13:20:02,Felicitaci√≥n,Pr√©stamo de Equipo Inform√°tico,Pr√©stamo de computadora ,Muy buen trato ,Unidad de Inform√°tica,UDI,trato,['trato'],trato,trat
7/18/2025 13:20:33,Felicitaci√≥n,Pr√©stamo de Equipo Inform√°tico,Equipo de uso libre ,"Ninguna, muchas gracias ",Unidad de Inform√°tica,UDI,gracias,['gracias'],gracias,graci
8/25/2025 11:38:12,Sugerencia,Mantenimiento de la Infraestructura F√≠sica,Mantenimiento de contactos de luz,Hay algunos contactos de luz en el edificio de IA que no sirven o que tienen falso contacto ,Unidad de Inform√°tica,UDI,contactos luz edificio ia sirven falso contacto,"['contactos', 'luz', 'edificio', 'ia', 'sirven', 'falso', 'contacto']",contacto luz edificio ia servir falso contacto,contact luz edifici ia sirv fals contact
8/25/2025 11:39:00,Sugerencia,Adjudicaci√≥n Directa de Materiales y/o Servicios,Internet ,Mejorar los servicios de internet sobre todo en los salones de abajo ,Subdirecci√≥n Administrativa,UDI,mejorar servicios internet salones abajo,"['mejorar', 'servicios', 'internet', 'salones', 'abajo']",mejorar servicio internet sal√≥n abajo,mejor servici internet salon abaj
8/25/2025 11:39:34,Sugerencia,Mantenimiento de la Infraestructura F√≠sica,Los servicios de Internet son deficientes ,Queja ,Unidad de Tecnolog√≠a Educativa y Campus Virtual,UDI,queja,['queja'],queja,quej
8/25/2025 21:36:25,Felicitaci√≥n,Pr√©stamo de Equipo Inform√°tico,Uso libre de computadoras ,Buena actitud y disponibilidad todas las veces que he ido.,Unidad de Inform√°tica,UDI,actitud disponibilidad ido,"['actitud', 'disponibilidad', 'ido']",actitud disponibilidad ir,actitud disponibil ido
8/26/2025 10:05:46,Felicitaci√≥n,Pr√©stamo de Equipo Inform√°tico,Pr√©stamo de equipo ,"Buena actitud, siempre tienen buena actitud ",Unidad de Inform√°tica,UDI,actitud actitud,"['actitud', 'actitud']",actitud actitud,actitud actitud
8/26/2025 11:20:08,Queja,Mantenimiento de la Infraestructura F√≠sica,WiFi que no funciona en palapas de IA y todo el edificio 4,"No funciona nada bien el WiFi de las palapas de IA, urge lo reparen ya que se ocupa para hacer tareas, trabajos y dem√°s en clases libres ademas que cuando estamos en clases en el edificio 4 no hay internet, no es posible que siendo una de las mejores escuelas de c√≥mputo no tengamos acceso a internet es esa zona que es para trabajar.",Unidad de Inform√°tica,UDI,funciona wifi palapas ia urge reparen ocupa tareas trabajos demas clases libres ademas clases edificio 4 internet mejores escuelas computo acceso internet zona,"['funciona', 'wifi', 'palapas', 'ia', 'urge', 'reparen', 'ocupa', 'tareas', 'trabajos', 'demas', 'clases', 'libres', 'ademas', 'clases', 'edificio', '4', 'internet', 'mejores', 'escuelas', 'computo', 'acceso', 'internet', 'zona']",funcionar wifi palapa ia urge reparar ocupar tarea trabajo demas clase libre clase edificio 4 internet mejor escuela computo acceso internet zona,funcion wifi palap ia urge repar ocup tar trabaj dem clas libr adem clas edifici 4 internet mejor escuel comput acces internet zon
8/26/2025 11:23:41,Queja,Ninguno,Internet,"Espec√≠ficamente en el edificio de IA la red de internet es muy deficiente, muchas veces hemos tenido la necesidad de este y no nos es posible.",Unidad de Inform√°tica,UDI,especificamente edificio ia red internet deficiente necesidad,"['especificamente', 'edificio', 'ia', 'red', 'internet', 'deficiente', 'necesidad']",especificamente edificio ia red internet deficiente necesidad,especif edifici ia red internet deficient neces
8/26/2025 11:24:59,Sugerencia,Funcionamiento de la red de internet en la escuela ,Intermitencia en el servicio de internet ,"El servicio de internet es intermitente, no es constante y en ocasiones no funciona como deber√≠a ",Unidad de Inform√°tica,UDI,servicio internet intermitente constante ocasiones funciona deberia,"['servicio', 'internet', 'intermitente', 'constante', 'ocasiones', 'funciona', 'deberia']",servicio internet intermitente constante ocasi√≥n funcionar deberio,servici internet intermitent constant ocasion funcion deberi
8/27/2025 6:41:14,Sugerencia,Mantenimiento de la Infraestructura F√≠sica,Internet general,"Me gustar√≠a sugerir que ya que el Poli tiene contratado un buen internet, pero le cuesta servirlo a la comunidad de manea eficiente. He observado que una de las maneras m√°s pr√°cticas es distribuirlo de manera m√°s uniforme, es decir, tener m√°s m√≥dems a los que conectarnos, esto evita la saturaci√≥n y mejora la calidad en horas pico. Lo ideal ser√≠a uno por sal√≥n con WiFi 6, pero ya depender√≠a del presupuesto. Realmente el problema es que no de puede usar cuando se necesita, cuando hay muchos conectados y no se puede gestionar tantas peticiones a la vez, e incluso la cobertura falla en algunos salones de IA del 1er piso. Siento que si no se puede cambiar el sistema a uno como la UNAM por lo menos se puede resolver as√≠.",Unidad de Inform√°tica,UDI,gustaria sugerir poli contratado internet cuesta servirlo comunidad manea eficiente observado maneras mas practicas distribuirlo mas uniforme mas modems conectarnos evita saturacion mejora calidad horas pico ideal seria salon wifi 6 dependeria presupuesto realmente problema necesita conectados gestionar tantas peticiones cobertura falla salones ia 1er piso siento cambiar sistema unam resolver asi,"['gustaria', 'sugerir', 'poli', 'contratado', 'internet', 'cuesta', 'servirlo', 'comunidad', 'manea', 'eficiente', 'observado', 'maneras', 'mas', 'practicas', 'distribuirlo', 'mas', 'uniforme', 'mas', 'modems', 'conectarnos', 'evita', 'saturacion', 'mejora', 'calidad', 'horas', 'pico', 'ideal', 'seria', 'salon', 'wifi', '6', 'dependeria', 'presupuesto', 'realmente', 'problema', 'necesita', 'conectados', 'gestionar', 'tantas', 'peticiones', 'cobertura', 'falla', 'salones', 'ia', '1er', 'piso', 'siento', 'cambiar', 'sistema', 'unam', 'resolver', 'asi']",gustario sugerir poli contratar internet costar servir √©l comunidad maneo eficiente observar manera practica distribuir √©l uniforme modems conectarno evitar saturacion mejora calidad horas pico ideal serio salon wifi 6 dependerio presupuesto realmente problema necesitar conectado gestionar tanto petici√≥n cobertura falla sal√≥n ia 1er piso sentir cambiar sistema unam resolver,gustari suger poli contrat internet cuest serv comun mane eficient observ maner mas practic distribu mas uniform mas modems conect evit satur mejor calid hor pic ideal seri salon wifi 6 dependeri presupuest realment problem necesit conect gestion tant peticion cobertur fall salon ia 1er pis sient cambi sistem unam resolv asi
8/27/2025 10:31:27,Felicitaci√≥n,Pr√©stamo de Equipo Inform√°tico,Buen servicio ,Acceso r√°pido ,Unidad de Inform√°tica,UDI,acceso rapido,"['acceso', 'rapido']",acceso rapir,acces rap
8/27/2025 11:52:19,Felicitaci√≥n,Pr√°cticas Acad√©micas de Laboratorios y Talleres,I,Todo bien ,Unidad de Inform√°tica,UDI,,[],,
8/27/2025 12:58:53,Felicitaci√≥n,Pr√©stamo de Equipo Inform√°tico,Laboratorio dd uso libre,Buena atenci√≥n ,Unidad de Inform√°tica,UDI,atencion,['atencion'],atencion,atencion
8/27/2025 13:28:01,Felicitaci√≥n,Pr√©stamo de Equipo Inform√°tico,Prestar computadora 1,"Buen servicio, muy amables.",Unidad de Inform√°tica,UDI,servicio amables,"['servicio', 'amables']",servicio amable,servici amabl
8/27/2025 14:46:02,Felicitaci√≥n,Pr√©stamo de Equipo Inform√°tico,Muy bien ,Todo bien ,Unidad de Inform√°tica,UDI,,[],,
8/29/2025 16:20:03,Felicitaci√≥n,Pr√©stamo de Equipo Inform√°tico,Pr√©stamo de equipo inform√°tico ,Buen servicio sin problemas,Unidad de Inform√°tica,UDI,servicio problemas,"['servicio', 'problemas']",servicio problema,servici problem
9/1/2025 13:00:45,Felicitaci√≥n,Pr√©stamo de Equipo Inform√°tico,Pr√©stamo de equipo inform√°tico ,"Buena actitud, equipo funcional y r√°pido ",Unidad de Inform√°tica,UDI,actitud equipo funcional rapido,"['actitud', 'equipo', 'funcional', 'rapido']",actitud equipo funcional rapir,actitud equip funcional rap
8/25/2025 11:32:20,Felicitaci√≥n,Felicitaci√≥n ,Foto con chango ,Excelente chango,Unidad de Tecnolog√≠a Educativa y Campus Virtual,Unidad de Tecnolog√≠a Educativa y Campus Virtual,excelente chango,"['excelente', 'chango']",excelente changuir,excelent chang
8/25/2025 11:32:23,Felicitaci√≥n,Felicitaciones ,Tomarse una foto con un chango,Me gustar√≠a felicitarlos por ese gran chango,Unidad de Tecnolog√≠a Educativa y Campus Virtual,Unidad de Tecnolog√≠a Educativa y Campus Virtual,gustaria felicitarlos chango,"['gustaria', 'felicitarlos', 'chango']",gustario felicitarlo changuir,gustari felicit chang
8/25/2025 11:35:00,Sugerencia,Gesti√≥n del Dise√±o Curricular de Programas Acad√©micos,Actividad,Se deben incorporar m√°s materias a las clases virtuales,Unidad de Tecnolog√≠a Educativa y Campus Virtual,Unidad de Tecnolog√≠a Educativa y Campus Virtual,incorporar mas materias clases virtuales,"['incorporar', 'mas', 'materias', 'clases', 'virtuales']",incorporar materia clase virtual,incorpor mas materi clas virtual
8/25/2025 11:36:14,Felicitaci√≥n,Actividad curricular ,Clase,Buena actividad para integrar al grupo y los equipos.,Unidad de Tecnolog√≠a Educativa y Campus Virtual,Unidad de Tecnolog√≠a Educativa y Campus Virtual,actividad integrar grupo equipos,"['actividad', 'integrar', 'grupo', 'equipos']",actividad integrar grupo equipo,activ integr grup equip
8/25/2025 11:36:18,Felicitaci√≥n,Solo dar una felicitaci√≥n por haberle dado oportunidad a los que deben calculo para pasar la materia :),Actividad integradora ,Simplemente una felicitaci√≥n ,Unidad de Tecnolog√≠a Educativa y Campus Virtual,Unidad de Tecnolog√≠a Educativa y Campus Virtual,simplemente felicitacion,"['simplemente', 'felicitacion']",simplemente felicitacion,simplement felicit
8/25/2025 11:36:24,Sugerencia,Gesti√≥n del Dise√±o Curricular de Programas Acad√©micos,Actividad ,Buena opci√≥n la de juntar a las carreras pasa que se puede convivir con todos ,Unidad de Tecnolog√≠a Educativa y Campus Virtual,Unidad de Tecnolog√≠a Educativa y Campus Virtual,opcion juntar carreras pasa convivir,"['opcion', 'juntar', 'carreras', 'pasa', 'convivir']",opcion juntar carrera pasar convivir,opcion junt carrer pas conviv
8/25/2025 11:36:38,Sugerencia,Actividad,Clase,"Me gust√≥ la actividad, pero no me gust√≥ que los grupos de otras carreras est√©n combinados ",Unidad de Tecnolog√≠a Educativa y Campus Virtual,Unidad de Tecnolog√≠a Educativa y Campus Virtual,gusto actividad gusto grupos carreras esten combinados,"['gusto', 'actividad', 'gusto', 'grupos', 'carreras', 'esten', 'combinados']",gusto actividad gusto grupo carrera estir combinado,gust activ gust grup carrer esten combin
8/25/2025 11:36:47,Sugerencia,Actividad curricular ,Clase ,Muy buena actividad integradora me gust√≥ la din√°mica ,Unidad de Tecnolog√≠a Educativa y Campus Virtual,Unidad de Tecnolog√≠a Educativa y Campus Virtual,actividad integradora gusto dinamica,"['actividad', 'integradora', 'gusto', 'dinamica']",actividad integrador gusto dinamicar,activ integr gust dinam
8/25/2025 11:36:48,Felicitaci√≥n,Actividad,Actividad integradora,Estuvo padre la actividad ,Unidad de Tecnolog√≠a Educativa y Campus Virtual,Unidad de Tecnolog√≠a Educativa y Campus Virtual,padre actividad,"['padre', 'actividad']",padre actividad,padr activ
8/25/2025 11:36:51,Felicitaci√≥n,Planeaci√≥n Did√°ctica,Acticidad de la profesora,"Felicidades por una actividad movida, me obligo a hablar con alguien",Subdirecci√≥n de Servicios Educativos e Integraci√≥n Social,Unidad de Tecnolog√≠a Educativa y Campus Virtual,felicidades actividad movida obligo hablar alguien,"['felicidades', 'actividad', 'movida', 'obligo', 'hablar', 'alguien']",felicidad actividad movida obligo hablar alguien,felic activ mov oblig habl algui
8/25/2025 11:43:50,Felicitaci√≥n,Clase,Felicitaci√≥n ,Una felicitaci√≥n a la profesora por incentivar el uso de las herramientas que proporciona la instituci√≥n. ,Unidad de Tecnolog√≠a Educativa y Campus Virtual,Unidad de Tecnolog√≠a Educativa y Campus Virtual,felicitacion profesora incentivar herramientas proporciona institucion,"['felicitacion', 'profesora', 'incentivar', 'herramientas', 'proporciona', 'institucion']",felicitacion profesorar incentivar herramientas proporcionar institucion,felicit profesor incentiv herramient proporcion institucion
6/25/2025 13:35:47,Sugerencia,Gesti√≥n del Dise√±o de Programas de Estudio,Nada ,Nada ,Subdirecci√≥n Acad√©mica,,,[],,
9/4/2025 10:24:20,Felicitaci√≥n,UDI,Ninguno,Ninguna,Unidad de Tecnolog√≠a Educativa y Campus Virtual,,,[],,
9/4/2025 13:24:33,Felicitaci√≥n,Servicios Bibliotecarios,Pr√©stamo de computadora,Excelente servicio ,Departamento de Innovaci√≥n Educativa,,excelente servicio,"['excelente', 'servicio']",excelente servicio,excelent servici
9/4/2025 14:00:40,Queja,Laboratorio de uso libre,Acceso y salida de laboratorio de uso libre,"El acceso fue incre√≠blemente tardado, su plataforma no registra. La salida fue a√∫n peor: no hab√≠a nadie (esencialmente ten√≠an mi credencial sin manera de que la recuperara). Cuando volv√≠, otra vez fue lent√≠simo el proceso y me obligaron a llenar esta encuesta que no deber√≠a ser obligatoria",Unidad de Inform√°tica,,acceso increiblemente tardado plataforma registra salida aun peor habia esencialmente tenian credencial recuperara volvi lentisimo proceso obligaron llenar encuesta deberia obligatoria,"['acceso', 'increiblemente', 'tardado', 'plataforma', 'registra', 'salida', 'aun', 'peor', 'habia', 'esencialmente', 'tenian', 'credencial', 'recuperara', 'volvi', 'lentisimo', 'proceso', 'obligaron', 'llenar', 'encuesta', 'deberia', 'obligatoria']",acceso increiblemente tardar plataforma registrar salida esencialmente teniar credencial recuperar volvi lentisimo proceso obligar llenar encuesta deberio obligatorio,acces increibl tard plataform registr sal aun peor habi esencial teni credencial recuper volvi lentisim proces oblig llen encuest deberi obligatori
9/4/2025 14:17:30,Felicitaci√≥n,Pr√©stamo de Equipo Inform√°tico,Pr√©stamo de computadora ,Buena atenci√≥n ,Unidad de Inform√°tica,,atencion,['atencion'],atencion,atencion
9/5/2025 8:46:13,Felicitaci√≥n,Pr√©stamo de Equipo Inform√°tico,Uso de estaci√≥n de trabajo ,"Muy buen servicio, son comprometidos a cuidar el aula de uso libre y hay una muy buena administraci√≥n por parte de los encargados ",Unidad de Inform√°tica,,servicio comprometidos cuidar aula libre administracion encargados,"['servicio', 'comprometidos', 'cuidar', 'aula', 'libre', 'administracion', 'encargados']",servicio comprometido cuidar aula libre administracion encargar,servici compromet cuid aul libr administr encarg
9/5/2025 12:14:35,Felicitaci√≥n,Pr√©stamo de Equipo Inform√°tico,Pr√©stamo de una m√°quina ,"Solo que hacen falta algunas herramientas de programaci√≥n, como compiladores apropiados",Unidad de Inform√°tica,,falta herramientas programacion compiladores apropiados,"['falta', 'herramientas', 'programacion', 'compiladores', 'apropiados']",falta herramienta programacion compilador apropiar,falt herramient program compil apropi
9/5/2025 16:11:25,Queja,Inscripci√≥n,P√≥lizas y Carta renuncia,"Al ingresar al SISMI para obtener mis p√≥lizas y mi carta renuncia, al poner buscar, me aparece que no se encuentran resultados, llevo mas de 2 semanas asi ",Departamento de Recursos Materiales y Servicios,,ingresar sismi obtener polizas carta renuncia buscar aparece encuentran resultados llevo mas 2 semanas asi,"['ingresar', 'sismi', 'obtener', 'polizas', 'carta', 'renuncia', 'buscar', 'aparece', 'encuentran', 'resultados', 'llevo', 'mas', '2', 'semanas', 'asi']",ingresar sismi obtener poliza carta renunciar buscar aparecer encontrar resultado llevar 2 semana,ingres sismi obten poliz cart renunci busc aparec encuentr result llev mas 2 seman asi
9/8/2025 13:27:23,Felicitaci√≥n,Tutor√≠as,Ninguno,Ninguno ,Unidad de Inform√°tica,,,[],,
,,,,,,,nan,['nan'],nan,nan
,,,,,,,,,,
,,,,,,,,,,
,,,,,,,,,,
,,,,,,,,,,
,,,,,,,,,,
,,,,,,,,,,
,,,,,,,,,,
,,,,,,,,,,
,,,,,,,,,,
,,,,,,,,,,
,,,,,,,,,,
,,,,,,,,,,
,,,,,,,,,,
,,,,,,,,,,
,,,,,,,,,,
,,,,,,,,,,
,,,,,,,,,,
,,,,,,,,,,
,,,,,,,,,,
,,,,,,,,,,
,,,,,,,,,,
,,,,,,,,,,
,,,,,,,,,,
,,,,,,,,,,
,,,,,,,,,,
,,,,,,,,,,
,,,,,,,,,,
,,,,,,,,,,
,,,,,,,,,,
,,,,,,,,,,
,,,,,,,,,,
,,,,,,,,,,
,,,,,,,,,,
,,,,,,,,,,
,,,,,,,,,,
,,,,,,,,,,
,,,,,,,,,,
,,,,,,,,,,
,,,,,,,,,,
,,,,,,,,,,
,,,,,,,,,,
,,,,,,,,,,
,,,,,,,,,,
,,,,,,,,,,
,,,,,,,,,,
,,,,,,,,,,
,,,,,,,,,,
,,,,,,,,,,
,,,,,,,,,,
,,,,,,,,,,
,,,,,,,,,,
,,,,,,,,,,
,,,,,,,,,,
,,,,,,,,,,
,,,,,,,,,,
,,,,,,,,,,
,,,,,,,,,,
,,,,,,,,,,
,,,,,,,,,,
,,,,,,,,,,
,,,,,,,,,,
,,,,,,,,,,
,,,,,,,,,,
,,,,,,,,,,
,,,,,,,,,,
,,,,,,,,,,
,,,,,,,,,,
,,,,,,,,,,
,,,,,,,,,,
,,,,,,,,,,
,,,,,,,,,,
,,,,,,,,,,
,,,,,,,,,,
,,,,,,,,,,
,,,,,,,,,,
,,,,,,,,,,
,,,,,,,,,,
,,,,,,,,,,
,,,,,,,,,,
,,,,,,,,,,
,,,,,,,,,,
,,,,,,,,,,
,,,,,,,,,,
,,,,,,,,,,
,,,,,,,,,,
,,,,,,,,,,
,,,,,,,,,,
,,,,,,,,,,
,,,,,,,,,,
,,,,,,,,,,
,,,,,,,,,,
,,,,,,,,,,
,,,,,,,,,,
,,,,,,,,,,
,,,,,,,,,,
,,,,,,,,,,
,,,,,,,,,,
,,,,,,,,,,
,,,,,,,,,,
